municipio,cve_mun,anio,feminicidios,estado
21001,21001,2015,0,Puebla
21001,21001,2016,0,Puebla
21001,21001,2017,1,Puebla
21001,21001,2018,0,Puebla
21001,21001,2019,0,Puebla
21001,21001,2020,2,Puebla
21001,21001,2021,1,Puebla
21001,21001,2022,1,Puebla
21001,21001,2023,1,Puebla
21001,21001,2024,0,Puebla
21001,21001,2025,0,Puebla
21002,21002,2015,0,Puebla
21002,21002,2016,0,Puebla
21002,21002,2017,0,Puebla
21002,21002,2018,0,Puebla
21002,21002,2019,0,Puebla
21002,21002,2020,0,Puebla
21002,21002,2021,0,Puebla
21002,21002,2022,0,Puebla
21002,21002,2023,1,Puebla
21002,21002,2024,0,Puebla
21002,21002,2025,0,Puebla
21003,21003,2015,0,Puebla
21003,21003,2016,0,Puebla
21003,21003,2017,1,Puebla
21003,21003,2018,1,Puebla
21003,21003,2019,0,Puebla
21003,21003,2020,1,Puebla
21003,21003,2021,0,Puebla
21003,21003,2022,0,Puebla
21003,21003,2023,1,Puebla
21003,21003,2024,1,Puebla
21003,21003,2025,0,Puebla
21004,21004,2015,0,Puebla
21004,21004,2016,0,Puebla
21004,21004,2017,0,Puebla
21004,21004,2018,1,Puebla
21004,21004,2019,0,Puebla
21004,21004,2020,0,Puebla
21004,21004,2021,0,Puebla
21004,21004,2022,0,Puebla
21004,21004,2023,2,Puebla
21004,21004,2024,0,Puebla
21004,21004,2025,2,Puebla
21005,21005,2015,0,Puebla
21005,21005,2016,0,Puebla
21005,21005,2017,0,Puebla
21005,21005,2018,0,Puebla
21005,21005,2019,0,Puebla
21005,21005,2020,0,Puebla
21005,21005,2021,0,Puebla
21005,21005,2022,0,Puebla
21005,21005,2023,0,Puebla
21005,21005,2024,0,Puebla
21005,21005,2025,0,Puebla
21006,21006,2015,0,Puebla
21006,21006,2016,0,Puebla
21006,21006,2017,0,Puebla
21006,21006,2018,0,Puebla
21006,21006,2019,0,Puebla
21006,21006,2020,0,Puebla
21006,21006,2021,0,Puebla
21006,21006,2022,0,Puebla
21006,21006,2023,0,Puebla
21006,21006,2024,0,Puebla
21006,21006,2025,0,Puebla
21007,21007,2015,0,Puebla
21007,21007,2016,0,Puebla
21007,21007,2017,0,Puebla
21007,21007,2018,0,Puebla
21007,21007,2019,0,Puebla
21007,21007,2020,0,Puebla
21007,21007,2021,0,Puebla
21007,21007,2022,0,Puebla
21007,21007,2023,0,Puebla
21007,21007,2024,0,Puebla
21007,21007,2025,0,Puebla
21008,21008,2015,0,Puebla
21008,21008,2016,0,Puebla
21008,21008,2017,0,Puebla
21008,21008,2018,0,Puebla
21008,21008,2019,0,Puebla
21008,21008,2020,1,Puebla
21008,21008,2021,0,Puebla
21008,21008,2022,0,Puebla
21008,21008,2023,0,Puebla
21008,21008,2024,0,Puebla
21008,21008,2025,0,Puebla
21009,21009,2015,0,Puebla
21009,21009,2016,0,Puebla
21009,21009,2017,0,Puebla
21009,21009,2018,0,Puebla
21009,21009,2019,0,Puebla
21009,21009,2020,0,Puebla
21009,21009,2021,0,Puebla
21009,21009,2022,0,Puebla
21009,21009,2023,0,Puebla
21009,21009,2024,0,Puebla
21009,21009,2025,0,Puebla
21010,21010,2015,0,Puebla
21010,21010,2016,0,Puebla
21010,21010,2017,0,Puebla
21010,21010,2018,0,Puebla
21010,21010,2019,0,Puebla
21010,21010,2020,0,Puebla
21010,21010,2021,0,Puebla
21010,21010,2022,0,Puebla
21010,21010,2023,0,Puebla
21010,21010,2024,0,Puebla
21010,21010,2025,0,Puebla
21011,21011,2015,0,Puebla
21011,21011,2016,0,Puebla
21011,21011,2017,0,Puebla
21011,21011,2018,0,Puebla
21011,21011,2019,0,Puebla
21011,21011,2020,0,Puebla
21011,21011,2021,0,Puebla
21011,21011,2022,0,Puebla
21011,21011,2023,0,Puebla
21011,21011,2024,0,Puebla
21011,21011,2025,0,Puebla
21012,21012,2015,0,Puebla
21012,21012,2016,0,Puebla
21012,21012,2017,0,Puebla
21012,21012,2018,0,Puebla
21012,21012,2019,0,Puebla
21012,21012,2020,0,Puebla
21012,21012,2021,0,Puebla
21012,21012,2022,0,Puebla
21012,21012,2023,0,Puebla
21012,21012,2024,0,Puebla
21012,21012,2025,0,Puebla
21013,21013,2015,0,Puebla
21013,21013,2016,0,Puebla
21013,21013,2017,0,Puebla
21013,21013,2018,1,Puebla
21013,21013,2019,0,Puebla
21013,21013,2020,0,Puebla
21013,21013,2021,0,Puebla
21013,21013,2022,0,Puebla
21013,21013,2023,0,Puebla
21013,21013,2024,0,Puebla
21013,21013,2025,0,Puebla
21014,21014,2015,0,Puebla
21014,21014,2016,0,Puebla
21014,21014,2017,0,Puebla
21014,21014,2018,0,Puebla
21014,21014,2019,0,Puebla
21014,21014,2020,0,Puebla
21014,21014,2021,0,Puebla
21014,21014,2022,0,Puebla
21014,21014,2023,1,Puebla
21014,21014,2024,0,Puebla
21014,21014,2025,0,Puebla
21015,21015,2015,0,Puebla
21015,21015,2016,0,Puebla
21015,21015,2017,1,Puebla
21015,21015,2018,1,Puebla
21015,21015,2019,1,Puebla
21015,21015,2020,0,Puebla
21015,21015,2021,1,Puebla
21015,21015,2022,0,Puebla
21015,21015,2023,0,Puebla
21015,21015,2024,0,Puebla
21015,21015,2025,0,Puebla
21016,21016,2015,0,Puebla
21016,21016,2016,0,Puebla
21016,21016,2017,0,Puebla
21016,21016,2018,0,Puebla
21016,21016,2019,0,Puebla
21016,21016,2020,0,Puebla
21016,21016,2021,0,Puebla
21016,21016,2022,0,Puebla
21016,21016,2023,0,Puebla
21016,21016,2024,0,Puebla
21016,21016,2025,0,Puebla
21017,21017,2015,0,Puebla
21017,21017,2016,0,Puebla
21017,21017,2017,0,Puebla
21017,21017,2018,0,Puebla
21017,21017,2019,0,Puebla
21017,21017,2020,1,Puebla
21017,21017,2021,0,Puebla
21017,21017,2022,0,Puebla
21017,21017,2023,0,Puebla
21017,21017,2024,0,Puebla
21017,21017,2025,0,Puebla
21018,21018,2015,0,Puebla
21018,21018,2016,0,Puebla
21018,21018,2017,0,Puebla
21018,21018,2018,0,Puebla
21018,21018,2019,0,Puebla
21018,21018,2020,0,Puebla
21018,21018,2021,0,Puebla
21018,21018,2022,0,Puebla
21018,21018,2023,0,Puebla
21018,21018,2024,0,Puebla
21018,21018,2025,0,Puebla
21019,21019,2015,1,Puebla
21019,21019,2016,0,Puebla
21019,21019,2017,2,Puebla
21019,21019,2018,0,Puebla
21019,21019,2019,1,Puebla
21019,21019,2020,2,Puebla
21019,21019,2021,2,Puebla
21019,21019,2022,1,Puebla
21019,21019,2023,0,Puebla
21019,21019,2024,2,Puebla
21019,21019,2025,1,Puebla
21020,21020,2015,0,Puebla
21020,21020,2016,0,Puebla
21020,21020,2017,0,Puebla
21020,21020,2018,0,Puebla
21020,21020,2019,0,Puebla
21020,21020,2020,0,Puebla
21020,21020,2021,0,Puebla
21020,21020,2022,0,Puebla
21020,21020,2023,0,Puebla
21020,21020,2024,0,Puebla
21020,21020,2025,0,Puebla
21021,21021,2015,0,Puebla
21021,21021,2016,0,Puebla
21021,21021,2017,0,Puebla
21021,21021,2018,0,Puebla
21021,21021,2019,0,Puebla
21021,21021,2020,0,Puebla
21021,21021,2021,0,Puebla
21021,21021,2022,0,Puebla
21021,21021,2023,0,Puebla
21021,21021,2024,0,Puebla
21021,21021,2025,0,Puebla
21022,21022,2015,0,Puebla
21022,21022,2016,0,Puebla
21022,21022,2017,0,Puebla
21022,21022,2018,0,Puebla
21022,21022,2019,0,Puebla
21022,21022,2020,0,Puebla
21022,21022,2021,0,Puebla
21022,21022,2022,0,Puebla
21022,21022,2023,0,Puebla
21022,21022,2024,0,Puebla
21022,21022,2025,0,Puebla
21023,21023,2015,0,Puebla
21023,21023,2016,0,Puebla
21023,21023,2017,0,Puebla
21023,21023,2018,0,Puebla
21023,21023,2019,0,Puebla
21023,21023,2020,0,Puebla
21023,21023,2021,0,Puebla
21023,21023,2022,0,Puebla
21023,21023,2023,0,Puebla
21023,21023,2024,0,Puebla
21023,21023,2025,0,Puebla
21024,21024,2015,0,Puebla
21024,21024,2016,0,Puebla
21024,21024,2017,0,Puebla
21024,21024,2018,0,Puebla
21024,21024,2019,0,Puebla
21024,21024,2020,0,Puebla
21024,21024,2021,0,Puebla
21024,21024,2022,0,Puebla
21024,21024,2023,0,Puebla
21024,21024,2024,0,Puebla
21024,21024,2025,0,Puebla
21025,21025,2015,0,Puebla
21025,21025,2016,0,Puebla
21025,21025,2017,0,Puebla
21025,21025,2018,0,Puebla
21025,21025,2019,0,Puebla
21025,21025,2020,0,Puebla
21025,21025,2021,0,Puebla
21025,21025,2022,0,Puebla
21025,21025,2023,0,Puebla
21025,21025,2024,0,Puebla
21025,21025,2025,0,Puebla
21026,21026,2015,0,Puebla
21026,21026,2016,1,Puebla
21026,21026,2017,0,Puebla
21026,21026,2018,0,Puebla
21026,21026,2019,0,Puebla
21026,21026,2020,0,Puebla
21026,21026,2021,0,Puebla
21026,21026,2022,0,Puebla
21026,21026,2023,0,Puebla
21026,21026,2024,0,Puebla
21026,21026,2025,0,Puebla
21027,21027,2015,0,Puebla
21027,21027,2016,0,Puebla
21027,21027,2017,0,Puebla
21027,21027,2018,0,Puebla
21027,21027,2019,0,Puebla
21027,21027,2020,0,Puebla
21027,21027,2021,0,Puebla
21027,21027,2022,0,Puebla
21027,21027,2023,0,Puebla
21027,21027,2024,0,Puebla
21027,21027,2025,0,Puebla
21028,21028,2015,0,Puebla
21028,21028,2016,0,Puebla
21028,21028,2017,0,Puebla
21028,21028,2018,0,Puebla
21028,21028,2019,0,Puebla
21028,21028,2020,0,Puebla
21028,21028,2021,0,Puebla
21028,21028,2022,0,Puebla
21028,21028,2023,0,Puebla
21028,21028,2024,0,Puebla
21028,21028,2025,0,Puebla
21029,21029,2015,0,Puebla
21029,21029,2016,0,Puebla
21029,21029,2017,0,Puebla
21029,21029,2018,0,Puebla
21029,21029,2019,0,Puebla
21029,21029,2020,0,Puebla
21029,21029,2021,0,Puebla
21029,21029,2022,0,Puebla
21029,21029,2023,0,Puebla
21029,21029,2024,0,Puebla
21029,21029,2025,0,Puebla
21030,21030,2015,0,Puebla
21030,21030,2016,0,Puebla
21030,21030,2017,0,Puebla
21030,21030,2018,0,Puebla
21030,21030,2019,0,Puebla
21030,21030,2020,0,Puebla
21030,21030,2021,0,Puebla
21030,21030,2022,0,Puebla
21030,21030,2023,0,Puebla
21030,21030,2024,0,Puebla
21030,21030,2025,0,Puebla
21031,21031,2015,0,Puebla
21031,21031,2016,0,Puebla
21031,21031,2017,0,Puebla
21031,21031,2018,0,Puebla
21031,21031,2019,0,Puebla
21031,21031,2020,0,Puebla
21031,21031,2021,0,Puebla
21031,21031,2022,0,Puebla
21031,21031,2023,0,Puebla
21031,21031,2024,0,Puebla
21031,21031,2025,0,Puebla
21032,21032,2015,0,Puebla
21032,21032,2016,0,Puebla
21032,21032,2017,0,Puebla
21032,21032,2018,0,Puebla
21032,21032,2019,0,Puebla
21032,21032,2020,0,Puebla
21032,21032,2021,0,Puebla
21032,21032,2022,0,Puebla
21032,21032,2023,0,Puebla
21032,21032,2024,0,Puebla
21032,21032,2025,0,Puebla
21033,21033,2015,0,Puebla
21033,21033,2016,0,Puebla
21033,21033,2017,0,Puebla
21033,21033,2018,0,Puebla
21033,21033,2019,0,Puebla
21033,21033,2020,0,Puebla
21033,21033,2021,0,Puebla
21033,21033,2022,0,Puebla
21033,21033,2023,0,Puebla
21033,21033,2024,0,Puebla
21033,21033,2025,0,Puebla
21034,21034,2015,0,Puebla
21034,21034,2016,0,Puebla
21034,21034,2017,1,Puebla
21034,21034,2018,0,Puebla
21034,21034,2019,0,Puebla
21034,21034,2020,3,Puebla
21034,21034,2021,0,Puebla
21034,21034,2022,0,Puebla
21034,21034,2023,0,Puebla
21034,21034,2024,1,Puebla
21034,21034,2025,0,Puebla
21035,21035,2015,0,Puebla
21035,21035,2016,0,Puebla
21035,21035,2017,0,Puebla
21035,21035,2018,0,Puebla
21035,21035,2019,0,Puebla
21035,21035,2020,0,Puebla
21035,21035,2021,0,Puebla
21035,21035,2022,0,Puebla
21035,21035,2023,0,Puebla
21035,21035,2024,0,Puebla
21035,21035,2025,0,Puebla
21036,21036,2015,0,Puebla
21036,21036,2016,0,Puebla
21036,21036,2017,0,Puebla
21036,21036,2018,1,Puebla
21036,21036,2019,0,Puebla
21036,21036,2020,0,Puebla
21036,21036,2021,0,Puebla
21036,21036,2022,0,Puebla
21036,21036,2023,0,Puebla
21036,21036,2024,0,Puebla
21036,21036,2025,0,Puebla
21037,21037,2015,0,Puebla
21037,21037,2016,0,Puebla
21037,21037,2017,0,Puebla
21037,21037,2018,0,Puebla
21037,21037,2019,0,Puebla
21037,21037,2020,0,Puebla
21037,21037,2021,0,Puebla
21037,21037,2022,0,Puebla
21037,21037,2023,0,Puebla
21037,21037,2024,0,Puebla
21037,21037,2025,0,Puebla
21038,21038,2015,0,Puebla
21038,21038,2016,0,Puebla
21038,21038,2017,0,Puebla
21038,21038,2018,0,Puebla
21038,21038,2019,0,Puebla
21038,21038,2020,0,Puebla
21038,21038,2021,0,Puebla
21038,21038,2022,0,Puebla
21038,21038,2023,0,Puebla
21038,21038,2024,0,Puebla
21038,21038,2025,0,Puebla
21039,21039,2015,0,Puebla
21039,21039,2016,0,Puebla
21039,21039,2017,0,Puebla
21039,21039,2018,0,Puebla
21039,21039,2019,0,Puebla
21039,21039,2020,0,Puebla
21039,21039,2021,2,Puebla
21039,21039,2022,0,Puebla
21039,21039,2023,0,Puebla
21039,21039,2024,0,Puebla
21039,21039,2025,0,Puebla
21040,21040,2015,0,Puebla
21040,21040,2016,0,Puebla
21040,21040,2017,0,Puebla
21040,21040,2018,0,Puebla
21040,21040,2019,0,Puebla
21040,21040,2020,0,Puebla
21040,21040,2021,0,Puebla
21040,21040,2022,0,Puebla
21040,21040,2023,0,Puebla
21040,21040,2024,0,Puebla
21040,21040,2025,0,Puebla
21041,21041,2015,0,Puebla
21041,21041,2016,0,Puebla
21041,21041,2017,0,Puebla
21041,21041,2018,1,Puebla
21041,21041,2019,1,Puebla
21041,21041,2020,2,Puebla
21041,21041,2021,0,Puebla
21041,21041,2022,0,Puebla
21041,21041,2023,1,Puebla
21041,21041,2024,1,Puebla
21041,21041,2025,1,Puebla
21042,21042,2015,0,Puebla
21042,21042,2016,0,Puebla
21042,21042,2017,0,Puebla
21042,21042,2018,0,Puebla
21042,21042,2019,0,Puebla
21042,21042,2020,0,Puebla
21042,21042,2021,0,Puebla
21042,21042,2022,0,Puebla
21042,21042,2023,0,Puebla
21042,21042,2024,0,Puebla
21042,21042,2025,0,Puebla
21043,21043,2015,0,Puebla
21043,21043,2016,0,Puebla
21043,21043,2017,0,Puebla
21043,21043,2018,0,Puebla
21043,21043,2019,0,Puebla
21043,21043,2020,0,Puebla
21043,21043,2021,0,Puebla
21043,21043,2022,0,Puebla
21043,21043,2023,1,Puebla
21043,21043,2024,2,Puebla
21043,21043,2025,0,Puebla
21044,21044,2015,0,Puebla
21044,21044,2016,0,Puebla
21044,21044,2017,0,Puebla
21044,21044,2018,0,Puebla
21044,21044,2019,1,Puebla
21044,21044,2020,0,Puebla
21044,21044,2021,0,Puebla
21044,21044,2022,0,Puebla
21044,21044,2023,0,Puebla
21044,21044,2024,0,Puebla
21044,21044,2025,0,Puebla
21045,21045,2015,0,Puebla
21045,21045,2016,0,Puebla
21045,21045,2017,0,Puebla
21045,21045,2018,0,Puebla
21045,21045,2019,1,Puebla
21045,21045,2020,0,Puebla
21045,21045,2021,0,Puebla
21045,21045,2022,0,Puebla
21045,21045,2023,0,Puebla
21045,21045,2024,0,Puebla
21045,21045,2025,0,Puebla
21046,21046,2015,0,Puebla
21046,21046,2016,0,Puebla
21046,21046,2017,0,Puebla
21046,21046,2018,0,Puebla
21046,21046,2019,0,Puebla
21046,21046,2020,0,Puebla
21046,21046,2021,0,Puebla
21046,21046,2022,0,Puebla
21046,21046,2023,0,Puebla
21046,21046,2024,0,Puebla
21046,21046,2025,0,Puebla
21047,21047,2015,0,Puebla
21047,21047,2016,0,Puebla
21047,21047,2017,0,Puebla
21047,21047,2018,0,Puebla
21047,21047,2019,0,Puebla
21047,21047,2020,0,Puebla
21047,21047,2021,0,Puebla
21047,21047,2022,1,Puebla
21047,21047,2023,1,Puebla
21047,21047,2024,0,Puebla
21047,21047,2025,0,Puebla
21048,21048,2015,0,Puebla
21048,21048,2016,0,Puebla
21048,21048,2017,0,Puebla
21048,21048,2018,0,Puebla
21048,21048,2019,0,Puebla
21048,21048,2020,0,Puebla
21048,21048,2021,0,Puebla
21048,21048,2022,0,Puebla
21048,21048,2023,0,Puebla
21048,21048,2024,0,Puebla
21048,21048,2025,0,Puebla
21049,21049,2015,0,Puebla
21049,21049,2016,0,Puebla
21049,21049,2017,0,Puebla
21049,21049,2018,0,Puebla
21049,21049,2019,0,Puebla
21049,21049,2020,0,Puebla
21049,21049,2021,1,Puebla
21049,21049,2022,0,Puebla
21049,21049,2023,0,Puebla
21049,21049,2024,0,Puebla
21049,21049,2025,0,Puebla
21050,21050,2015,0,Puebla
21050,21050,2016,0,Puebla
21050,21050,2017,0,Puebla
21050,21050,2018,0,Puebla
21050,21050,2019,0,Puebla
21050,21050,2020,0,Puebla
21050,21050,2021,0,Puebla
21050,21050,2022,1,Puebla
21050,21050,2023,0,Puebla
21050,21050,2024,0,Puebla
21050,21050,2025,0,Puebla
21051,21051,2015,0,Puebla
21051,21051,2016,0,Puebla
21051,21051,2017,1,Puebla
21051,21051,2018,0,Puebla
21051,21051,2019,0,Puebla
21051,21051,2020,4,Puebla
21051,21051,2021,0,Puebla
21051,21051,2022,0,Puebla
21051,21051,2023,1,Puebla
21051,21051,2024,0,Puebla
21051,21051,2025,0,Puebla
21052,21052,2015,0,Puebla
21052,21052,2016,0,Puebla
21052,21052,2017,0,Puebla
21052,21052,2018,0,Puebla
21052,21052,2019,0,Puebla
21052,21052,2020,0,Puebla
21052,21052,2021,0,Puebla
21052,21052,2022,0,Puebla
21052,21052,2023,0,Puebla
21052,21052,2024,0,Puebla
21052,21052,2025,0,Puebla
21053,21053,2015,0,Puebla
21053,21053,2016,0,Puebla
21053,21053,2017,0,Puebla
21053,21053,2018,0,Puebla
21053,21053,2019,1,Puebla
21053,21053,2020,0,Puebla
21053,21053,2021,0,Puebla
21053,21053,2022,0,Puebla
21053,21053,2023,0,Puebla
21053,21053,2024,3,Puebla
21053,21053,2025,0,Puebla
21054,21054,2015,0,Puebla
21054,21054,2016,0,Puebla
21054,21054,2017,0,Puebla
21054,21054,2018,0,Puebla
21054,21054,2019,0,Puebla
21054,21054,2020,0,Puebla
21054,21054,2021,0,Puebla
21054,21054,2022,0,Puebla
21054,21054,2023,0,Puebla
21054,21054,2024,2,Puebla
21054,21054,2025,0,Puebla
21055,21055,2015,0,Puebla
21055,21055,2016,0,Puebla
21055,21055,2017,0,Puebla
21055,21055,2018,0,Puebla
21055,21055,2019,0,Puebla
21055,21055,2020,0,Puebla
21055,21055,2021,0,Puebla
21055,21055,2022,0,Puebla
21055,21055,2023,0,Puebla
21055,21055,2024,0,Puebla
21055,21055,2025,0,Puebla
21056,21056,2015,0,Puebla
21056,21056,2016,0,Puebla
21056,21056,2017,0,Puebla
21056,21056,2018,0,Puebla
21056,21056,2019,0,Puebla
21056,21056,2020,0,Puebla
21056,21056,2021,0,Puebla
21056,21056,2022,0,Puebla
21056,21056,2023,0,Puebla
21056,21056,2024,0,Puebla
21056,21056,2025,0,Puebla
21057,21057,2015,0,Puebla
21057,21057,2016,0,Puebla
21057,21057,2017,0,Puebla
21057,21057,2018,0,Puebla
21057,21057,2019,0,Puebla
21057,21057,2020,0,Puebla
21057,21057,2021,0,Puebla
21057,21057,2022,0,Puebla
21057,21057,2023,0,Puebla
21057,21057,2024,0,Puebla
21057,21057,2025,0,Puebla
21058,21058,2015,0,Puebla
21058,21058,2016,0,Puebla
21058,21058,2017,0,Puebla
21058,21058,2018,0,Puebla
21058,21058,2019,0,Puebla
21058,21058,2020,0,Puebla
21058,21058,2021,0,Puebla
21058,21058,2022,0,Puebla
21058,21058,2023,0,Puebla
21058,21058,2024,0,Puebla
21058,21058,2025,0,Puebla
21059,21059,2015,0,Puebla
21059,21059,2016,0,Puebla
21059,21059,2017,0,Puebla
21059,21059,2018,0,Puebla
21059,21059,2019,0,Puebla
21059,21059,2020,0,Puebla
21059,21059,2021,0,Puebla
21059,21059,2022,0,Puebla
21059,21059,2023,0,Puebla
21059,21059,2024,0,Puebla
21059,21059,2025,0,Puebla
21060,21060,2015,0,Puebla
21060,21060,2016,0,Puebla
21060,21060,2017,0,Puebla
21060,21060,2018,0,Puebla
21060,21060,2019,1,Puebla
21060,21060,2020,0,Puebla
21060,21060,2021,0,Puebla
21060,21060,2022,0,Puebla
21060,21060,2023,1,Puebla
21060,21060,2024,0,Puebla
21060,21060,2025,0,Puebla
21061,21061,2015,0,Puebla
21061,21061,2016,0,Puebla
21061,21061,2017,0,Puebla
21061,21061,2018,0,Puebla
21061,21061,2019,2,Puebla
21061,21061,2020,0,Puebla
21061,21061,2021,0,Puebla
21061,21061,2022,0,Puebla
21061,21061,2023,0,Puebla
21061,21061,2024,0,Puebla
21061,21061,2025,0,Puebla
21062,21062,2015,0,Puebla
21062,21062,2016,0,Puebla
21062,21062,2017,0,Puebla
21062,21062,2018,0,Puebla
21062,21062,2019,0,Puebla
21062,21062,2020,0,Puebla
21062,21062,2021,0,Puebla
21062,21062,2022,0,Puebla
21062,21062,2023,0,Puebla
21062,21062,2024,0,Puebla
21062,21062,2025,0,Puebla
21063,21063,2015,0,Puebla
21063,21063,2016,0,Puebla
21063,21063,2017,0,Puebla
21063,21063,2018,0,Puebla
21063,21063,2019,0,Puebla
21063,21063,2020,0,Puebla
21063,21063,2021,0,Puebla
21063,21063,2022,1,Puebla
21063,21063,2023,0,Puebla
21063,21063,2024,0,Puebla
21063,21063,2025,0,Puebla
21064,21064,2015,0,Puebla
21064,21064,2016,0,Puebla
21064,21064,2017,0,Puebla
21064,21064,2018,0,Puebla
21064,21064,2019,0,Puebla
21064,21064,2020,0,Puebla
21064,21064,2021,1,Puebla
21064,21064,2022,1,Puebla
21064,21064,2023,0,Puebla
21064,21064,2024,0,Puebla
21064,21064,2025,0,Puebla
21065,21065,2015,0,Puebla
21065,21065,2016,0,Puebla
21065,21065,2017,0,Puebla
21065,21065,2018,0,Puebla
21065,21065,2019,0,Puebla
21065,21065,2020,0,Puebla
21065,21065,2021,0,Puebla
21065,21065,2022,0,Puebla
21065,21065,2023,0,Puebla
21065,21065,2024,0,Puebla
21065,21065,2025,0,Puebla
21066,21066,2015,0,Puebla
21066,21066,2016,0,Puebla
21066,21066,2017,0,Puebla
21066,21066,2018,0,Puebla
21066,21066,2019,0,Puebla
21066,21066,2020,0,Puebla
21066,21066,2021,0,Puebla
21066,21066,2022,0,Puebla
21066,21066,2023,0,Puebla
21066,21066,2024,0,Puebla
21066,21066,2025,0,Puebla
21067,21067,2015,0,Puebla
21067,21067,2016,0,Puebla
21067,21067,2017,0,Puebla
21067,21067,2018,0,Puebla
21067,21067,2019,0,Puebla
21067,21067,2020,0,Puebla
21067,21067,2021,0,Puebla
21067,21067,2022,0,Puebla
21067,21067,2023,1,Puebla
21067,21067,2024,0,Puebla
21067,21067,2025,0,Puebla
21068,21068,2015,0,Puebla
21068,21068,2016,0,Puebla
21068,21068,2017,0,Puebla
21068,21068,2018,0,Puebla
21068,21068,2019,0,Puebla
21068,21068,2020,0,Puebla
21068,21068,2021,0,Puebla
21068,21068,2022,0,Puebla
21068,21068,2023,0,Puebla
21068,21068,2024,0,Puebla
21068,21068,2025,0,Puebla
21069,21069,2015,0,Puebla
21069,21069,2016,0,Puebla
21069,21069,2017,1,Puebla
21069,21069,2018,0,Puebla
21069,21069,2019,0,Puebla
21069,21069,2020,0,Puebla
21069,21069,2021,0,Puebla
21069,21069,2022,0,Puebla
21069,21069,2023,0,Puebla
21069,21069,2024,0,Puebla
21069,21069,2025,0,Puebla
21070,21070,2015,0,Puebla
21070,21070,2016,0,Puebla
21070,21070,2017,0,Puebla
21070,21070,2018,0,Puebla
21070,21070,2019,0,Puebla
21070,21070,2020,0,Puebla
21070,21070,2021,0,Puebla
21070,21070,2022,0,Puebla
21070,21070,2023,0,Puebla
21070,21070,2024,0,Puebla
21070,21070,2025,0,Puebla
21071,21071,2015,0,Puebla
21071,21071,2016,0,Puebla
21071,21071,2017,0,Puebla
21071,21071,2018,0,Puebla
21071,21071,2019,2,Puebla
21071,21071,2020,0,Puebla
21071,21071,2021,0,Puebla
21071,21071,2022,2,Puebla
21071,21071,2023,0,Puebla
21071,21071,2024,0,Puebla
21071,21071,2025,0,Puebla
21072,21072,2015,0,Puebla
21072,21072,2016,0,Puebla
21072,21072,2017,0,Puebla
21072,21072,2018,0,Puebla
21072,21072,2019,0,Puebla
21072,21072,2020,1,Puebla
21072,21072,2021,0,Puebla
21072,21072,2022,0,Puebla
21072,21072,2023,0,Puebla
21072,21072,2024,0,Puebla
21072,21072,2025,1,Puebla
21073,21073,2015,0,Puebla
21073,21073,2016,0,Puebla
21073,21073,2017,0,Puebla
21073,21073,2018,0,Puebla
21073,21073,2019,0,Puebla
21073,21073,2020,0,Puebla
21073,21073,2021,0,Puebla
21073,21073,2022,0,Puebla
21073,21073,2023,0,Puebla
21073,21073,2024,0,Puebla
21073,21073,2025,0,Puebla
21074,21074,2015,0,Puebla
21074,21074,2016,0,Puebla
21074,21074,2017,1,Puebla
21074,21074,2018,1,Puebla
21074,21074,2019,1,Puebla
21074,21074,2020,1,Puebla
21074,21074,2021,0,Puebla
21074,21074,2022,0,Puebla
21074,21074,2023,1,Puebla
21074,21074,2024,1,Puebla
21074,21074,2025,0,Puebla
21075,21075,2015,0,Puebla
21075,21075,2016,0,Puebla
21075,21075,2017,0,Puebla
21075,21075,2018,0,Puebla
21075,21075,2019,0,Puebla
21075,21075,2020,0,Puebla
21075,21075,2021,0,Puebla
21075,21075,2022,0,Puebla
21075,21075,2023,0,Puebla
21075,21075,2024,0,Puebla
21075,21075,2025,0,Puebla
21076,21076,2015,0,Puebla
21076,21076,2016,0,Puebla
21076,21076,2017,0,Puebla
21076,21076,2018,0,Puebla
21076,21076,2019,0,Puebla
21076,21076,2020,0,Puebla
21076,21076,2021,2,Puebla
21076,21076,2022,0,Puebla
21076,21076,2023,1,Puebla
21076,21076,2024,0,Puebla
21076,21076,2025,0,Puebla
21077,21077,2015,0,Puebla
21077,21077,2016,0,Puebla
21077,21077,2017,0,Puebla
21077,21077,2018,0,Puebla
21077,21077,2019,0,Puebla
21077,21077,2020,0,Puebla
21077,21077,2021,0,Puebla
21077,21077,2022,0,Puebla
21077,21077,2023,0,Puebla
21077,21077,2024,0,Puebla
21077,21077,2025,0,Puebla
21078,21078,2015,0,Puebla
21078,21078,2016,0,Puebla
21078,21078,2017,0,Puebla
21078,21078,2018,0,Puebla
21078,21078,2019,1,Puebla
21078,21078,2020,0,Puebla
21078,21078,2021,0,Puebla
21078,21078,2022,0,Puebla
21078,21078,2023,0,Puebla
21078,21078,2024,0,Puebla
21078,21078,2025,0,Puebla
21079,21079,2015,0,Puebla
21079,21079,2016,0,Puebla
21079,21079,2017,0,Puebla
21079,21079,2018,0,Puebla
21079,21079,2019,0,Puebla
21079,21079,2020,0,Puebla
21079,21079,2021,0,Puebla
21079,21079,2022,0,Puebla
21079,21079,2023,0,Puebla
21079,21079,2024,0,Puebla
21079,21079,2025,0,Puebla
21080,21080,2015,0,Puebla
21080,21080,2016,0,Puebla
21080,21080,2017,0,Puebla
21080,21080,2018,0,Puebla
21080,21080,2019,0,Puebla
21080,21080,2020,0,Puebla
21080,21080,2021,0,Puebla
21080,21080,2022,0,Puebla
21080,21080,2023,0,Puebla
21080,21080,2024,0,Puebla
21080,21080,2025,0,Puebla
21081,21081,2015,0,Puebla
21081,21081,2016,0,Puebla
21081,21081,2017,0,Puebla
21081,21081,2018,0,Puebla
21081,21081,2019,0,Puebla
21081,21081,2020,0,Puebla
21081,21081,2021,0,Puebla
21081,21081,2022,0,Puebla
21081,21081,2023,0,Puebla
21081,21081,2024,0,Puebla
21081,21081,2025,0,Puebla
21082,21082,2015,0,Puebla
21082,21082,2016,0,Puebla
21082,21082,2017,0,Puebla
21082,21082,2018,0,Puebla
21082,21082,2019,0,Puebla
21082,21082,2020,0,Puebla
21082,21082,2021,0,Puebla
21082,21082,2022,0,Puebla
21082,21082,2023,0,Puebla
21082,21082,2024,0,Puebla
21082,21082,2025,0,Puebla
21083,21083,2015,0,Puebla
21083,21083,2016,0,Puebla
21083,21083,2017,0,Puebla
21083,21083,2018,0,Puebla
21083,21083,2019,0,Puebla
21083,21083,2020,0,Puebla
21083,21083,2021,0,Puebla
21083,21083,2022,0,Puebla
21083,21083,2023,1,Puebla
21083,21083,2024,1,Puebla
21083,21083,2025,0,Puebla
21084,21084,2015,0,Puebla
21084,21084,2016,0,Puebla
21084,21084,2017,0,Puebla
21084,21084,2018,0,Puebla
21084,21084,2019,0,Puebla
21084,21084,2020,0,Puebla
21084,21084,2021,0,Puebla
21084,21084,2022,0,Puebla
21084,21084,2023,0,Puebla
21084,21084,2024,0,Puebla
21084,21084,2025,0,Puebla
21085,21085,2015,0,Puebla
21085,21085,2016,0,Puebla
21085,21085,2017,0,Puebla
21085,21085,2018,1,Puebla
21085,21085,2019,1,Puebla
21085,21085,2020,2,Puebla
21085,21085,2021,0,Puebla
21085,21085,2022,0,Puebla
21085,21085,2023,0,Puebla
21085,21085,2024,1,Puebla
21085,21085,2025,0,Puebla
21086,21086,2015,0,Puebla
21086,21086,2016,0,Puebla
21086,21086,2017,0,Puebla
21086,21086,2018,0,Puebla
21086,21086,2019,0,Puebla
21086,21086,2020,0,Puebla
21086,21086,2021,0,Puebla
21086,21086,2022,0,Puebla
21086,21086,2023,1,Puebla
21086,21086,2024,0,Puebla
21086,21086,2025,0,Puebla
21087,21087,2015,0,Puebla
21087,21087,2016,0,Puebla
21087,21087,2017,0,Puebla
21087,21087,2018,0,Puebla
21087,21087,2019,0,Puebla
21087,21087,2020,0,Puebla
21087,21087,2021,0,Puebla
21087,21087,2022,0,Puebla
21087,21087,2023,0,Puebla
21087,21087,2024,0,Puebla
21087,21087,2025,0,Puebla
21088,21088,2015,0,Puebla
21088,21088,2016,0,Puebla
21088,21088,2017,0,Puebla
21088,21088,2018,0,Puebla
21088,21088,2019,0,Puebla
21088,21088,2020,0,Puebla
21088,21088,2021,0,Puebla
21088,21088,2022,0,Puebla
21088,21088,2023,0,Puebla
21088,21088,2024,0,Puebla
21088,21088,2025,0,Puebla
21089,21089,2015,0,Puebla
21089,21089,2016,0,Puebla
21089,21089,2017,0,Puebla
21089,21089,2018,0,Puebla
21089,21089,2019,0,Puebla
21089,21089,2020,0,Puebla
21089,21089,2021,0,Puebla
21089,21089,2022,0,Puebla
21089,21089,2023,0,Puebla
21089,21089,2024,0,Puebla
21089,21089,2025,0,Puebla
21090,21090,2015,0,Puebla
21090,21090,2016,0,Puebla
21090,21090,2017,0,Puebla
21090,21090,2018,0,Puebla
21090,21090,2019,0,Puebla
21090,21090,2020,0,Puebla
21090,21090,2021,0,Puebla
21090,21090,2022,0,Puebla
21090,21090,2023,0,Puebla
21090,21090,2024,0,Puebla
21090,21090,2025,0,Puebla
21091,21091,2015,0,Puebla
21091,21091,2016,0,Puebla
21091,21091,2017,0,Puebla
21091,21091,2018,0,Puebla
21091,21091,2019,0,Puebla
21091,21091,2020,0,Puebla
21091,21091,2021,0,Puebla
21091,21091,2022,0,Puebla
21091,21091,2023,0,Puebla
21091,21091,2024,0,Puebla
21091,21091,2025,0,Puebla
21092,21092,2015,0,Puebla
21092,21092,2016,0,Puebla
21092,21092,2017,0,Puebla
21092,21092,2018,0,Puebla
21092,21092,2019,0,Puebla
21092,21092,2020,0,Puebla
21092,21092,2021,0,Puebla
21092,21092,2022,0,Puebla
21092,21092,2023,0,Puebla
21092,21092,2024,0,Puebla
21092,21092,2025,0,Puebla
21093,21093,2015,0,Puebla
21093,21093,2016,0,Puebla
21093,21093,2017,0,Puebla
21093,21093,2018,0,Puebla
21093,21093,2019,0,Puebla
21093,21093,2020,0,Puebla
21093,21093,2021,0,Puebla
21093,21093,2022,0,Puebla
21093,21093,2023,0,Puebla
21093,21093,2024,0,Puebla
21093,21093,2025,0,Puebla
21094,21094,2015,0,Puebla
21094,21094,2016,0,Puebla
21094,21094,2017,0,Puebla
21094,21094,2018,0,Puebla
21094,21094,2019,1,Puebla
21094,21094,2020,0,Puebla
21094,21094,2021,0,Puebla
21094,21094,2022,0,Puebla
21094,21094,2023,0,Puebla
21094,21094,2024,0,Puebla
21094,21094,2025,0,Puebla
21095,21095,2015,0,Puebla
21095,21095,2016,0,Puebla
21095,21095,2017,0,Puebla
21095,21095,2018,0,Puebla
21095,21095,2019,0,Puebla
21095,21095,2020,0,Puebla
21095,21095,2021,0,Puebla
21095,21095,2022,0,Puebla
21095,21095,2023,0,Puebla
21095,21095,2024,0,Puebla
21095,21095,2025,0,Puebla
21096,21096,2015,0,Puebla
21096,21096,2016,0,Puebla
21096,21096,2017,0,Puebla
21096,21096,2018,0,Puebla
21096,21096,2019,0,Puebla
21096,21096,2020,0,Puebla
21096,21096,2021,0,Puebla
21096,21096,2022,0,Puebla
21096,21096,2023,0,Puebla
21096,21096,2024,0,Puebla
21096,21096,2025,0,Puebla
21097,21097,2015,0,Puebla
21097,21097,2016,0,Puebla
21097,21097,2017,0,Puebla
21097,21097,2018,0,Puebla
21097,21097,2019,0,Puebla
21097,21097,2020,0,Puebla
21097,21097,2021,0,Puebla
21097,21097,2022,0,Puebla
21097,21097,2023,0,Puebla
21097,21097,2024,0,Puebla
21097,21097,2025,0,Puebla
21098,21098,2015,0,Puebla
21098,21098,2016,0,Puebla
21098,21098,2017,1,Puebla
21098,21098,2018,0,Puebla
21098,21098,2019,0,Puebla
21098,21098,2020,0,Puebla
21098,21098,2021,0,Puebla
21098,21098,2022,0,Puebla
21098,21098,2023,0,Puebla
21098,21098,2024,0,Puebla
21098,21098,2025,0,Puebla
21099,21099,2015,0,Puebla
21099,21099,2016,0,Puebla
21099,21099,2017,0,Puebla
21099,21099,2018,0,Puebla
21099,21099,2019,3,Puebla
21099,21099,2020,1,Puebla
21099,21099,2021,0,Puebla
21099,21099,2022,0,Puebla
21099,21099,2023,0,Puebla
21099,21099,2024,0,Puebla
21099,21099,2025,0,Puebla
21100,21100,2015,0,Puebla
21100,21100,2016,0,Puebla
21100,21100,2017,0,Puebla
21100,21100,2018,1,Puebla
21100,21100,2019,0,Puebla
21100,21100,2020,0,Puebla
21100,21100,2021,0,Puebla
21100,21100,2022,0,Puebla
21100,21100,2023,0,Puebla
21100,21100,2024,0,Puebla
21100,21100,2025,0,Puebla
21101,21101,2015,0,Puebla
21101,21101,2016,0,Puebla
21101,21101,2017,0,Puebla
21101,21101,2018,0,Puebla
21101,21101,2019,0,Puebla
21101,21101,2020,0,Puebla
21101,21101,2021,0,Puebla
21101,21101,2022,0,Puebla
21101,21101,2023,0,Puebla
21101,21101,2024,0,Puebla
21101,21101,2025,0,Puebla
21102,21102,2015,0,Puebla
21102,21102,2016,0,Puebla
21102,21102,2017,0,Puebla
21102,21102,2018,0,Puebla
21102,21102,2019,0,Puebla
21102,21102,2020,1,Puebla
21102,21102,2021,0,Puebla
21102,21102,2022,0,Puebla
21102,21102,2023,0,Puebla
21102,21102,2024,0,Puebla
21102,21102,2025,0,Puebla
21103,21103,2015,0,Puebla
21103,21103,2016,0,Puebla
21103,21103,2017,0,Puebla
21103,21103,2018,0,Puebla
21103,21103,2019,1,Puebla
21103,21103,2020,0,Puebla
21103,21103,2021,0,Puebla
21103,21103,2022,0,Puebla
21103,21103,2023,0,Puebla
21103,21103,2024,0,Puebla
21103,21103,2025,0,Puebla
21104,21104,2015,0,Puebla
21104,21104,2016,0,Puebla
21104,21104,2017,0,Puebla
21104,21104,2018,0,Puebla
21104,21104,2019,0,Puebla
21104,21104,2020,0,Puebla
21104,21104,2021,0,Puebla
21104,21104,2022,1,Puebla
21104,21104,2023,0,Puebla
21104,21104,2024,0,Puebla
21104,21104,2025,0,Puebla
21105,21105,2015,0,Puebla
21105,21105,2016,0,Puebla
21105,21105,2017,0,Puebla
21105,21105,2018,0,Puebla
21105,21105,2019,0,Puebla
21105,21105,2020,0,Puebla
21105,21105,2021,0,Puebla
21105,21105,2022,0,Puebla
21105,21105,2023,0,Puebla
21105,21105,2024,0,Puebla
21105,21105,2025,0,Puebla
21106,21106,2015,0,Puebla
21106,21106,2016,0,Puebla
21106,21106,2017,0,Puebla
21106,21106,2018,1,Puebla
21106,21106,2019,1,Puebla
21106,21106,2020,1,Puebla
21106,21106,2021,0,Puebla
21106,21106,2022,0,Puebla
21106,21106,2023,0,Puebla
21106,21106,2024,0,Puebla
21106,21106,2025,1,Puebla
21107,21107,2015,0,Puebla
21107,21107,2016,0,Puebla
21107,21107,2017,0,Puebla
21107,21107,2018,0,Puebla
21107,21107,2019,0,Puebla
21107,21107,2020,0,Puebla
21107,21107,2021,0,Puebla
21107,21107,2022,0,Puebla
21107,21107,2023,0,Puebla
21107,21107,2024,0,Puebla
21107,21107,2025,0,Puebla
21108,21108,2015,0,Puebla
21108,21108,2016,0,Puebla
21108,21108,2017,0,Puebla
21108,21108,2018,0,Puebla
21108,21108,2019,0,Puebla
21108,21108,2020,0,Puebla
21108,21108,2021,0,Puebla
21108,21108,2022,0,Puebla
21108,21108,2023,0,Puebla
21108,21108,2024,0,Puebla
21108,21108,2025,1,Puebla
21109,21109,2015,0,Puebla
21109,21109,2016,0,Puebla
21109,21109,2017,0,Puebla
21109,21109,2018,0,Puebla
21109,21109,2019,0,Puebla
21109,21109,2020,0,Puebla
21109,21109,2021,0,Puebla
21109,21109,2022,0,Puebla
21109,21109,2023,1,Puebla
21109,21109,2024,0,Puebla
21109,21109,2025,0,Puebla
21110,21110,2015,0,Puebla
21110,21110,2016,0,Puebla
21110,21110,2017,0,Puebla
21110,21110,2018,0,Puebla
21110,21110,2019,0,Puebla
21110,21110,2020,2,Puebla
21110,21110,2021,1,Puebla
21110,21110,2022,0,Puebla
21110,21110,2023,0,Puebla
21110,21110,2024,0,Puebla
21110,21110,2025,0,Puebla
21111,21111,2015,0,Puebla
21111,21111,2016,0,Puebla
21111,21111,2017,0,Puebla
21111,21111,2018,0,Puebla
21111,21111,2019,0,Puebla
21111,21111,2020,0,Puebla
21111,21111,2021,0,Puebla
21111,21111,2022,0,Puebla
21111,21111,2023,0,Puebla
21111,21111,2024,0,Puebla
21111,21111,2025,0,Puebla
21112,21112,2015,0,Puebla
21112,21112,2016,0,Puebla
21112,21112,2017,0,Puebla
21112,21112,2018,0,Puebla
21112,21112,2019,0,Puebla
21112,21112,2020,0,Puebla
21112,21112,2021,0,Puebla
21112,21112,2022,0,Puebla
21112,21112,2023,0,Puebla
21112,21112,2024,0,Puebla
21112,21112,2025,0,Puebla
21113,21113,2015,0,Puebla
21113,21113,2016,0,Puebla
21113,21113,2017,0,Puebla
21113,21113,2018,0,Puebla
21113,21113,2019,0,Puebla
21113,21113,2020,0,Puebla
21113,21113,2021,0,Puebla
21113,21113,2022,0,Puebla
21113,21113,2023,0,Puebla
21113,21113,2024,0,Puebla
21113,21113,2025,0,Puebla
21114,21114,2015,5,Puebla
21114,21114,2016,9,Puebla
21114,21114,2017,6,Puebla
21114,21114,2018,7,Puebla
21114,21114,2019,11,Puebla
21114,21114,2020,8,Puebla
21114,21114,2021,13,Puebla
21114,21114,2022,4,Puebla
21114,21114,2023,12,Puebla
21114,21114,2024,9,Puebla
21114,21114,2025,2,Puebla
21115,21115,2015,0,Puebla
21115,21115,2016,0,Puebla
21115,21115,2017,1,Puebla
21115,21115,2018,0,Puebla
21115,21115,2019,1,Puebla
21115,21115,2020,0,Puebla
21115,21115,2021,0,Puebla
21115,21115,2022,0,Puebla
21115,21115,2023,0,Puebla
21115,21115,2024,0,Puebla
21115,21115,2025,0,Puebla
21116,21116,2015,0,Puebla
21116,21116,2016,0,Puebla
21116,21116,2017,0,Puebla
21116,21116,2018,0,Puebla
21116,21116,2019,0,Puebla
21116,21116,2020,0,Puebla
21116,21116,2021,0,Puebla
21116,21116,2022,0,Puebla
21116,21116,2023,0,Puebla
21116,21116,2024,0,Puebla
21116,21116,2025,0,Puebla
21117,21117,2015,0,Puebla
21117,21117,2016,0,Puebla
21117,21117,2017,0,Puebla
21117,21117,2018,0,Puebla
21117,21117,2019,1,Puebla
21117,21117,2020,0,Puebla
21117,21117,2021,0,Puebla
21117,21117,2022,0,Puebla
21117,21117,2023,0,Puebla
21117,21117,2024,0,Puebla
21117,21117,2025,0,Puebla
21118,21118,2015,0,Puebla
21118,21118,2016,0,Puebla
21118,21118,2017,0,Puebla
21118,21118,2018,0,Puebla
21118,21118,2019,0,Puebla
21118,21118,2020,0,Puebla
21118,21118,2021,0,Puebla
21118,21118,2022,0,Puebla
21118,21118,2023,0,Puebla
21118,21118,2024,0,Puebla
21118,21118,2025,0,Puebla
21119,21119,2015,0,Puebla
21119,21119,2016,0,Puebla
21119,21119,2017,0,Puebla
21119,21119,2018,1,Puebla
21119,21119,2019,1,Puebla
21119,21119,2020,1,Puebla
21119,21119,2021,0,Puebla
21119,21119,2022,0,Puebla
21119,21119,2023,0,Puebla
21119,21119,2024,2,Puebla
21119,21119,2025,0,Puebla
21120,21120,2015,0,Puebla
21120,21120,2016,0,Puebla
21120,21120,2017,0,Puebla
21120,21120,2018,0,Puebla
21120,21120,2019,0,Puebla
21120,21120,2020,0,Puebla
21120,21120,2021,0,Puebla
21120,21120,2022,0,Puebla
21120,21120,2023,0,Puebla
21120,21120,2024,0,Puebla
21120,21120,2025,0,Puebla
21121,21121,2015,0,Puebla
21121,21121,2016,0,Puebla
21121,21121,2017,0,Puebla
21121,21121,2018,0,Puebla
21121,21121,2019,0,Puebla
21121,21121,2020,0,Puebla
21121,21121,2021,0,Puebla
21121,21121,2022,0,Puebla
21121,21121,2023,0,Puebla
21121,21121,2024,0,Puebla
21121,21121,2025,0,Puebla
21122,21122,2015,0,Puebla
21122,21122,2016,0,Puebla
21122,21122,2017,0,Puebla
21122,21122,2018,0,Puebla
21122,21122,2019,0,Puebla
21122,21122,2020,0,Puebla
21122,21122,2021,0,Puebla
21122,21122,2022,0,Puebla
21122,21122,2023,0,Puebla
21122,21122,2024,0,Puebla
21122,21122,2025,0,Puebla
21123,21123,2015,0,Puebla
21123,21123,2016,0,Puebla
21123,21123,2017,0,Puebla
21123,21123,2018,0,Puebla
21123,21123,2019,1,Puebla
21123,21123,2020,0,Puebla
21123,21123,2021,0,Puebla
21123,21123,2022,0,Puebla
21123,21123,2023,0,Puebla
21123,21123,2024,0,Puebla
21123,21123,2025,0,Puebla
21124,21124,2015,0,Puebla
21124,21124,2016,0,Puebla
21124,21124,2017,0,Puebla
21124,21124,2018,0,Puebla
21124,21124,2019,0,Puebla
21124,21124,2020,0,Puebla
21124,21124,2021,0,Puebla
21124,21124,2022,0,Puebla
21124,21124,2023,0,Puebla
21124,21124,2024,0,Puebla
21124,21124,2025,0,Puebla
21125,21125,2015,0,Puebla
21125,21125,2016,0,Puebla
21125,21125,2017,0,Puebla
21125,21125,2018,0,Puebla
21125,21125,2019,0,Puebla
21125,21125,2020,0,Puebla
21125,21125,2021,0,Puebla
21125,21125,2022,0,Puebla
21125,21125,2023,0,Puebla
21125,21125,2024,0,Puebla
21125,21125,2025,0,Puebla
21126,21126,2015,0,Puebla
21126,21126,2016,0,Puebla
21126,21126,2017,1,Puebla
21126,21126,2018,0,Puebla
21126,21126,2019,0,Puebla
21126,21126,2020,0,Puebla
21126,21126,2021,0,Puebla
21126,21126,2022,0,Puebla
21126,21126,2023,0,Puebla
21126,21126,2024,0,Puebla
21126,21126,2025,0,Puebla
21127,21127,2015,0,Puebla
21127,21127,2016,0,Puebla
21127,21127,2017,0,Puebla
21127,21127,2018,0,Puebla
21127,21127,2019,0,Puebla
21127,21127,2020,0,Puebla
21127,21127,2021,0,Puebla
21127,21127,2022,0,Puebla
21127,21127,2023,0,Puebla
21127,21127,2024,0,Puebla
21127,21127,2025,0,Puebla
21128,21128,2015,0,Puebla
21128,21128,2016,0,Puebla
21128,21128,2017,0,Puebla
21128,21128,2018,0,Puebla
21128,21128,2019,0,Puebla
21128,21128,2020,0,Puebla
21128,21128,2021,0,Puebla
21128,21128,2022,0,Puebla
21128,21128,2023,0,Puebla
21128,21128,2024,0,Puebla
21128,21128,2025,0,Puebla
21129,21129,2015,0,Puebla
21129,21129,2016,0,Puebla
21129,21129,2017,0,Puebla
21129,21129,2018,0,Puebla
21129,21129,2019,0,Puebla
21129,21129,2020,0,Puebla
21129,21129,2021,0,Puebla
21129,21129,2022,0,Puebla
21129,21129,2023,0,Puebla
21129,21129,2024,0,Puebla
21129,21129,2025,0,Puebla
21130,21130,2015,0,Puebla
21130,21130,2016,0,Puebla
21130,21130,2017,0,Puebla
21130,21130,2018,0,Puebla
21130,21130,2019,0,Puebla
21130,21130,2020,0,Puebla
21130,21130,2021,0,Puebla
21130,21130,2022,0,Puebla
21130,21130,2023,0,Puebla
21130,21130,2024,0,Puebla
21130,21130,2025,0,Puebla
21131,21131,2015,0,Puebla
21131,21131,2016,0,Puebla
21131,21131,2017,0,Puebla
21131,21131,2018,0,Puebla
21131,21131,2019,0,Puebla
21131,21131,2020,0,Puebla
21131,21131,2021,0,Puebla
21131,21131,2022,0,Puebla
21131,21131,2023,0,Puebla
21131,21131,2024,0,Puebla
21131,21131,2025,0,Puebla
21132,21132,2015,0,Puebla
21132,21132,2016,1,Puebla
21132,21132,2017,0,Puebla
21132,21132,2018,0,Puebla
21132,21132,2019,2,Puebla
21132,21132,2020,3,Puebla
21132,21132,2021,0,Puebla
21132,21132,2022,0,Puebla
21132,21132,2023,2,Puebla
21132,21132,2024,2,Puebla
21132,21132,2025,0,Puebla
21133,21133,2015,0,Puebla
21133,21133,2016,0,Puebla
21133,21133,2017,0,Puebla
21133,21133,2018,0,Puebla
21133,21133,2019,0,Puebla
21133,21133,2020,0,Puebla
21133,21133,2021,0,Puebla
21133,21133,2022,0,Puebla
21133,21133,2023,1,Puebla
21133,21133,2024,0,Puebla
21133,21133,2025,0,Puebla
21134,21134,2015,0,Puebla
21134,21134,2016,0,Puebla
21134,21134,2017,0,Puebla
21134,21134,2018,0,Puebla
21134,21134,2019,0,Puebla
21134,21134,2020,0,Puebla
21134,21134,2021,0,Puebla
21134,21134,2022,0,Puebla
21134,21134,2023,0,Puebla
21134,21134,2024,0,Puebla
21134,21134,2025,0,Puebla
21135,21135,2015,0,Puebla
21135,21135,2016,0,Puebla
21135,21135,2017,0,Puebla
21135,21135,2018,0,Puebla
21135,21135,2019,0,Puebla
21135,21135,2020,0,Puebla
21135,21135,2021,0,Puebla
21135,21135,2022,0,Puebla
21135,21135,2023,0,Puebla
21135,21135,2024,0,Puebla
21135,21135,2025,0,Puebla
21136,21136,2015,0,Puebla
21136,21136,2016,0,Puebla
21136,21136,2017,0,Puebla
21136,21136,2018,0,Puebla
21136,21136,2019,0,Puebla
21136,21136,2020,0,Puebla
21136,21136,2021,0,Puebla
21136,21136,2022,0,Puebla
21136,21136,2023,0,Puebla
21136,21136,2024,0,Puebla
21136,21136,2025,0,Puebla
21137,21137,2015,0,Puebla
21137,21137,2016,0,Puebla
21137,21137,2017,0,Puebla
21137,21137,2018,0,Puebla
21137,21137,2019,0,Puebla
21137,21137,2020,0,Puebla
21137,21137,2021,0,Puebla
21137,21137,2022,0,Puebla
21137,21137,2023,0,Puebla
21137,21137,2024,0,Puebla
21137,21137,2025,0,Puebla
21138,21138,2015,0,Puebla
21138,21138,2016,0,Puebla
21138,21138,2017,0,Puebla
21138,21138,2018,0,Puebla
21138,21138,2019,0,Puebla
21138,21138,2020,1,Puebla
21138,21138,2021,0,Puebla
21138,21138,2022,0,Puebla
21138,21138,2023,0,Puebla
21138,21138,2024,0,Puebla
21138,21138,2025,0,Puebla
21139,21139,2015,0,Puebla
21139,21139,2016,0,Puebla
21139,21139,2017,0,Puebla
21139,21139,2018,0,Puebla
21139,21139,2019,0,Puebla
21139,21139,2020,0,Puebla
21139,21139,2021,0,Puebla
21139,21139,2022,0,Puebla
21139,21139,2023,0,Puebla
21139,21139,2024,0,Puebla
21139,21139,2025,0,Puebla
21140,21140,2015,0,Puebla
21140,21140,2016,0,Puebla
21140,21140,2017,0,Puebla
21140,21140,2018,1,Puebla
21140,21140,2019,0,Puebla
21140,21140,2020,0,Puebla
21140,21140,2021,1,Puebla
21140,21140,2022,2,Puebla
21140,21140,2023,0,Puebla
21140,21140,2024,1,Puebla
21140,21140,2025,0,Puebla
21141,21141,2015,0,Puebla
21141,21141,2016,0,Puebla
21141,21141,2017,0,Puebla
21141,21141,2018,0,Puebla
21141,21141,2019,0,Puebla
21141,21141,2020,0,Puebla
21141,21141,2021,0,Puebla
21141,21141,2022,0,Puebla
21141,21141,2023,0,Puebla
21141,21141,2024,0,Puebla
21141,21141,2025,0,Puebla
21142,21142,2015,0,Puebla
21142,21142,2016,0,Puebla
21142,21142,2017,0,Puebla
21142,21142,2018,0,Puebla
21142,21142,2019,0,Puebla
21142,21142,2020,0,Puebla
21142,21142,2021,0,Puebla
21142,21142,2022,0,Puebla
21142,21142,2023,0,Puebla
21142,21142,2024,0,Puebla
21142,21142,2025,0,Puebla
21143,21143,2015,0,Puebla
21143,21143,2016,0,Puebla
21143,21143,2017,0,Puebla
21143,21143,2018,0,Puebla
21143,21143,2019,0,Puebla
21143,21143,2020,0,Puebla
21143,21143,2021,0,Puebla
21143,21143,2022,0,Puebla
21143,21143,2023,0,Puebla
21143,21143,2024,0,Puebla
21143,21143,2025,1,Puebla
21144,21144,2015,0,Puebla
21144,21144,2016,0,Puebla
21144,21144,2017,0,Puebla
21144,21144,2018,0,Puebla
21144,21144,2019,0,Puebla
21144,21144,2020,2,Puebla
21144,21144,2021,0,Puebla
21144,21144,2022,0,Puebla
21144,21144,2023,0,Puebla
21144,21144,2024,1,Puebla
21144,21144,2025,0,Puebla
21145,21145,2015,0,Puebla
21145,21145,2016,0,Puebla
21145,21145,2017,0,Puebla
21145,21145,2018,0,Puebla
21145,21145,2019,0,Puebla
21145,21145,2020,0,Puebla
21145,21145,2021,1,Puebla
21145,21145,2022,0,Puebla
21145,21145,2023,0,Puebla
21145,21145,2024,0,Puebla
21145,21145,2025,0,Puebla
21146,21146,2015,0,Puebla
21146,21146,2016,0,Puebla
21146,21146,2017,0,Puebla
21146,21146,2018,0,Puebla
21146,21146,2019,0,Puebla
21146,21146,2020,0,Puebla
21146,21146,2021,0,Puebla
21146,21146,2022,0,Puebla
21146,21146,2023,0,Puebla
21146,21146,2024,0,Puebla
21146,21146,2025,0,Puebla
21147,21147,2015,0,Puebla
21147,21147,2016,0,Puebla
21147,21147,2017,0,Puebla
21147,21147,2018,0,Puebla
21147,21147,2019,0,Puebla
21147,21147,2020,0,Puebla
21147,21147,2021,0,Puebla
21147,21147,2022,0,Puebla
21147,21147,2023,0,Puebla
21147,21147,2024,0,Puebla
21147,21147,2025,0,Puebla
21148,21148,2015,0,Puebla
21148,21148,2016,0,Puebla
21148,21148,2017,0,Puebla
21148,21148,2018,0,Puebla
21148,21148,2019,0,Puebla
21148,21148,2020,0,Puebla
21148,21148,2021,0,Puebla
21148,21148,2022,0,Puebla
21148,21148,2023,0,Puebla
21148,21148,2024,0,Puebla
21148,21148,2025,0,Puebla
21149,21149,2015,0,Puebla
21149,21149,2016,0,Puebla
21149,21149,2017,0,Puebla
21149,21149,2018,0,Puebla
21149,21149,2019,1,Puebla
21149,21149,2020,0,Puebla
21149,21149,2021,0,Puebla
21149,21149,2022,0,Puebla
21149,21149,2023,0,Puebla
21149,21149,2024,0,Puebla
21149,21149,2025,0,Puebla
21150,21150,2015,0,Puebla
21150,21150,2016,0,Puebla
21150,21150,2017,0,Puebla
21150,21150,2018,0,Puebla
21150,21150,2019,0,Puebla
21150,21150,2020,0,Puebla
21150,21150,2021,0,Puebla
21150,21150,2022,0,Puebla
21150,21150,2023,0,Puebla
21150,21150,2024,0,Puebla
21150,21150,2025,0,Puebla
21151,21151,2015,0,Puebla
21151,21151,2016,0,Puebla
21151,21151,2017,0,Puebla
21151,21151,2018,0,Puebla
21151,21151,2019,0,Puebla
21151,21151,2020,0,Puebla
21151,21151,2021,0,Puebla
21151,21151,2022,0,Puebla
21151,21151,2023,0,Puebla
21151,21151,2024,0,Puebla
21151,21151,2025,0,Puebla
21152,21152,2015,0,Puebla
21152,21152,2016,0,Puebla
21152,21152,2017,0,Puebla
21152,21152,2018,0,Puebla
21152,21152,2019,0,Puebla
21152,21152,2020,0,Puebla
21152,21152,2021,0,Puebla
21152,21152,2022,0,Puebla
21152,21152,2023,0,Puebla
21152,21152,2024,1,Puebla
21152,21152,2025,0,Puebla
21153,21153,2015,0,Puebla
21153,21153,2016,0,Puebla
21153,21153,2017,0,Puebla
21153,21153,2018,1,Puebla
21153,21153,2019,0,Puebla
21153,21153,2020,1,Puebla
21153,21153,2021,0,Puebla
21153,21153,2022,0,Puebla
21153,21153,2023,0,Puebla
21153,21153,2024,0,Puebla
21153,21153,2025,0,Puebla
21154,21154,2015,0,Puebla
21154,21154,2016,0,Puebla
21154,21154,2017,0,Puebla
21154,21154,2018,1,Puebla
21154,21154,2019,3,Puebla
21154,21154,2020,0,Puebla
21154,21154,2021,3,Puebla
21154,21154,2022,0,Puebla
21154,21154,2023,0,Puebla
21154,21154,2024,0,Puebla
21154,21154,2025,0,Puebla
21155,21155,2015,0,Puebla
21155,21155,2016,0,Puebla
21155,21155,2017,0,Puebla
21155,21155,2018,0,Puebla
21155,21155,2019,0,Puebla
21155,21155,2020,0,Puebla
21155,21155,2021,0,Puebla
21155,21155,2022,0,Puebla
21155,21155,2023,0,Puebla
21155,21155,2024,0,Puebla
21155,21155,2025,0,Puebla
21156,21156,2015,0,Puebla
21156,21156,2016,0,Puebla
21156,21156,2017,4,Puebla
21156,21156,2018,4,Puebla
21156,21156,2019,1,Puebla
21156,21156,2020,1,Puebla
21156,21156,2021,0,Puebla
21156,21156,2022,0,Puebla
21156,21156,2023,0,Puebla
21156,21156,2024,2,Puebla
21156,21156,2025,1,Puebla
21157,21157,2015,0,Puebla
21157,21157,2016,0,Puebla
21157,21157,2017,0,Puebla
21157,21157,2018,1,Puebla
21157,21157,2019,1,Puebla
21157,21157,2020,0,Puebla
21157,21157,2021,0,Puebla
21157,21157,2022,0,Puebla
21157,21157,2023,0,Puebla
21157,21157,2024,0,Puebla
21157,21157,2025,0,Puebla
21158,21158,2015,0,Puebla
21158,21158,2016,0,Puebla
21158,21158,2017,0,Puebla
21158,21158,2018,0,Puebla
21158,21158,2019,0,Puebla
21158,21158,2020,0,Puebla
21158,21158,2021,0,Puebla
21158,21158,2022,0,Puebla
21158,21158,2023,0,Puebla
21158,21158,2024,0,Puebla
21158,21158,2025,0,Puebla
21159,21159,2015,0,Puebla
21159,21159,2016,0,Puebla
21159,21159,2017,0,Puebla
21159,21159,2018,0,Puebla
21159,21159,2019,0,Puebla
21159,21159,2020,0,Puebla
21159,21159,2021,0,Puebla
21159,21159,2022,0,Puebla
21159,21159,2023,0,Puebla
21159,21159,2024,0,Puebla
21159,21159,2025,0,Puebla
21160,21160,2015,0,Puebla
21160,21160,2016,0,Puebla
21160,21160,2017,0,Puebla
21160,21160,2018,0,Puebla
21160,21160,2019,0,Puebla
21160,21160,2020,0,Puebla
21160,21160,2021,0,Puebla
21160,21160,2022,0,Puebla
21160,21160,2023,0,Puebla
21160,21160,2024,0,Puebla
21160,21160,2025,0,Puebla
21161,21161,2015,0,Puebla
21161,21161,2016,0,Puebla
21161,21161,2017,0,Puebla
21161,21161,2018,0,Puebla
21161,21161,2019,0,Puebla
21161,21161,2020,0,Puebla
21161,21161,2021,0,Puebla
21161,21161,2022,0,Puebla
21161,21161,2023,0,Puebla
21161,21161,2024,0,Puebla
21161,21161,2025,0,Puebla
21162,21162,2015,0,Puebla
21162,21162,2016,0,Puebla
21162,21162,2017,0,Puebla
21162,21162,2018,0,Puebla
21162,21162,2019,0,Puebla
21162,21162,2020,0,Puebla
21162,21162,2021,0,Puebla
21162,21162,2022,0,Puebla
21162,21162,2023,0,Puebla
21162,21162,2024,0,Puebla
21162,21162,2025,0,Puebla
21163,21163,2015,0,Puebla
21163,21163,2016,0,Puebla
21163,21163,2017,0,Puebla
21163,21163,2018,0,Puebla
21163,21163,2019,0,Puebla
21163,21163,2020,0,Puebla
21163,21163,2021,0,Puebla
21163,21163,2022,0,Puebla
21163,21163,2023,0,Puebla
21163,21163,2024,0,Puebla
21163,21163,2025,0,Puebla
21164,21164,2015,0,Puebla
21164,21164,2016,1,Puebla
21164,21164,2017,1,Puebla
21164,21164,2018,2,Puebla
21164,21164,2019,1,Puebla
21164,21164,2020,0,Puebla
21164,21164,2021,1,Puebla
21164,21164,2022,0,Puebla
21164,21164,2023,0,Puebla
21164,21164,2024,0,Puebla
21164,21164,2025,0,Puebla
21165,21165,2015,0,Puebla
21165,21165,2016,0,Puebla
21165,21165,2017,0,Puebla
21165,21165,2018,0,Puebla
21165,21165,2019,0,Puebla
21165,21165,2020,0,Puebla
21165,21165,2021,0,Puebla
21165,21165,2022,0,Puebla
21165,21165,2023,0,Puebla
21165,21165,2024,0,Puebla
21165,21165,2025,0,Puebla
21166,21166,2015,0,Puebla
21166,21166,2016,0,Puebla
21166,21166,2017,0,Puebla
21166,21166,2018,0,Puebla
21166,21166,2019,0,Puebla
21166,21166,2020,0,Puebla
21166,21166,2021,0,Puebla
21166,21166,2022,0,Puebla
21166,21166,2023,0,Puebla
21166,21166,2024,0,Puebla
21166,21166,2025,0,Puebla
21167,21167,2015,0,Puebla
21167,21167,2016,0,Puebla
21167,21167,2017,0,Puebla
21167,21167,2018,0,Puebla
21167,21167,2019,0,Puebla
21167,21167,2020,0,Puebla
21167,21167,2021,1,Puebla
21167,21167,2022,0,Puebla
21167,21167,2023,0,Puebla
21167,21167,2024,1,Puebla
21167,21167,2025,0,Puebla
21168,21168,2015,0,Puebla
21168,21168,2016,0,Puebla
21168,21168,2017,0,Puebla
21168,21168,2018,0,Puebla
21168,21168,2019,0,Puebla
21168,21168,2020,0,Puebla
21168,21168,2021,1,Puebla
21168,21168,2022,0,Puebla
21168,21168,2023,0,Puebla
21168,21168,2024,0,Puebla
21168,21168,2025,0,Puebla
21169,21169,2015,0,Puebla
21169,21169,2016,0,Puebla
21169,21169,2017,1,Puebla
21169,21169,2018,0,Puebla
21169,21169,2019,0,Puebla
21169,21169,2020,0,Puebla
21169,21169,2021,0,Puebla
21169,21169,2022,0,Puebla
21169,21169,2023,0,Puebla
21169,21169,2024,0,Puebla
21169,21169,2025,0,Puebla
21170,21170,2015,0,Puebla
21170,21170,2016,0,Puebla
21170,21170,2017,0,Puebla
21170,21170,2018,0,Puebla
21170,21170,2019,0,Puebla
21170,21170,2020,0,Puebla
21170,21170,2021,0,Puebla
21170,21170,2022,0,Puebla
21170,21170,2023,0,Puebla
21170,21170,2024,0,Puebla
21170,21170,2025,0,Puebla
21171,21171,2015,0,Puebla
21171,21171,2016,0,Puebla
21171,21171,2017,0,Puebla
21171,21171,2018,0,Puebla
21171,21171,2019,0,Puebla
21171,21171,2020,0,Puebla
21171,21171,2021,0,Puebla
21171,21171,2022,0,Puebla
21171,21171,2023,0,Puebla
21171,21171,2024,0,Puebla
21171,21171,2025,0,Puebla
21172,21172,2015,0,Puebla
21172,21172,2016,0,Puebla
21172,21172,2017,0,Puebla
21172,21172,2018,0,Puebla
21172,21172,2019,0,Puebla
21172,21172,2020,0,Puebla
21172,21172,2021,0,Puebla
21172,21172,2022,1,Puebla
21172,21172,2023,0,Puebla
21172,21172,2024,1,Puebla
21172,21172,2025,0,Puebla
21173,21173,2015,0,Puebla
21173,21173,2016,0,Puebla
21173,21173,2017,0,Puebla
21173,21173,2018,0,Puebla
21173,21173,2019,0,Puebla
21173,21173,2020,0,Puebla
21173,21173,2021,0,Puebla
21173,21173,2022,0,Puebla
21173,21173,2023,0,Puebla
21173,21173,2024,0,Puebla
21173,21173,2025,0,Puebla
21174,21174,2015,0,Puebla
21174,21174,2016,0,Puebla
21174,21174,2017,0,Puebla
21174,21174,2018,1,Puebla
21174,21174,2019,1,Puebla
21174,21174,2020,0,Puebla
21174,21174,2021,0,Puebla
21174,21174,2022,0,Puebla
21174,21174,2023,0,Puebla
21174,21174,2024,1,Puebla
21174,21174,2025,0,Puebla
21175,21175,2015,0,Puebla
21175,21175,2016,0,Puebla
21175,21175,2017,0,Puebla
21175,21175,2018,0,Puebla
21175,21175,2019,0,Puebla
21175,21175,2020,0,Puebla
21175,21175,2021,0,Puebla
21175,21175,2022,0,Puebla
21175,21175,2023,1,Puebla
21175,21175,2024,1,Puebla
21175,21175,2025,0,Puebla
21176,21176,2015,0,Puebla
21176,21176,2016,0,Puebla
21176,21176,2017,0,Puebla
21176,21176,2018,0,Puebla
21176,21176,2019,0,Puebla
21176,21176,2020,0,Puebla
21176,21176,2021,0,Puebla
21176,21176,2022,0,Puebla
21176,21176,2023,0,Puebla
21176,21176,2024,0,Puebla
21176,21176,2025,0,Puebla
21177,21177,2015,0,Puebla
21177,21177,2016,0,Puebla
21177,21177,2017,0,Puebla
21177,21177,2018,0,Puebla
21177,21177,2019,2,Puebla
21177,21177,2020,0,Puebla
21177,21177,2021,0,Puebla
21177,21177,2022,0,Puebla
21177,21177,2023,0,Puebla
21177,21177,2024,0,Puebla
21177,21177,2025,1,Puebla
21178,21178,2015,0,Puebla
21178,21178,2016,0,Puebla
21178,21178,2017,0,Puebla
21178,21178,2018,0,Puebla
21178,21178,2019,0,Puebla
21178,21178,2020,0,Puebla
21178,21178,2021,0,Puebla
21178,21178,2022,0,Puebla
21178,21178,2023,0,Puebla
21178,21178,2024,0,Puebla
21178,21178,2025,0,Puebla
21179,21179,2015,0,Puebla
21179,21179,2016,0,Puebla
21179,21179,2017,0,Puebla
21179,21179,2018,0,Puebla
21179,21179,2019,0,Puebla
21179,21179,2020,0,Puebla
21179,21179,2021,1,Puebla
21179,21179,2022,0,Puebla
21179,21179,2023,0,Puebla
21179,21179,2024,0,Puebla
21179,21179,2025,0,Puebla
21180,21180,2015,0,Puebla
21180,21180,2016,0,Puebla
21180,21180,2017,0,Puebla
21180,21180,2018,0,Puebla
21180,21180,2019,0,Puebla
21180,21180,2020,0,Puebla
21180,21180,2021,0,Puebla
21180,21180,2022,0,Puebla
21180,21180,2023,0,Puebla
21180,21180,2024,0,Puebla
21180,21180,2025,0,Puebla
21181,21181,2015,0,Puebla
21181,21181,2016,0,Puebla
21181,21181,2017,0,Puebla
21181,21181,2018,0,Puebla
21181,21181,2019,1,Puebla
21181,21181,2020,0,Puebla
21181,21181,2021,0,Puebla
21181,21181,2022,0,Puebla
21181,21181,2023,0,Puebla
21181,21181,2024,0,Puebla
21181,21181,2025,0,Puebla
21182,21182,2015,0,Puebla
21182,21182,2016,0,Puebla
21182,21182,2017,0,Puebla
21182,21182,2018,0,Puebla
21182,21182,2019,0,Puebla
21182,21182,2020,0,Puebla
21182,21182,2021,0,Puebla
21182,21182,2022,0,Puebla
21182,21182,2023,0,Puebla
21182,21182,2024,0,Puebla
21182,21182,2025,0,Puebla
21183,21183,2015,0,Puebla
21183,21183,2016,0,Puebla
21183,21183,2017,0,Puebla
21183,21183,2018,0,Puebla
21183,21183,2019,2,Puebla
21183,21183,2020,0,Puebla
21183,21183,2021,0,Puebla
21183,21183,2022,0,Puebla
21183,21183,2023,0,Puebla
21183,21183,2024,0,Puebla
21183,21183,2025,0,Puebla
21184,21184,2015,0,Puebla
21184,21184,2016,0,Puebla
21184,21184,2017,0,Puebla
21184,21184,2018,0,Puebla
21184,21184,2019,0,Puebla
21184,21184,2020,0,Puebla
21184,21184,2021,0,Puebla
21184,21184,2022,0,Puebla
21184,21184,2023,0,Puebla
21184,21184,2024,0,Puebla
21184,21184,2025,0,Puebla
21185,21185,2015,0,Puebla
21185,21185,2016,0,Puebla
21185,21185,2017,0,Puebla
21185,21185,2018,0,Puebla
21185,21185,2019,0,Puebla
21185,21185,2020,0,Puebla
21185,21185,2021,0,Puebla
21185,21185,2022,0,Puebla
21185,21185,2023,0,Puebla
21185,21185,2024,0,Puebla
21185,21185,2025,0,Puebla
21186,21186,2015,0,Puebla
21186,21186,2016,0,Puebla
21186,21186,2017,0,Puebla
21186,21186,2018,0,Puebla
21186,21186,2019,0,Puebla
21186,21186,2020,0,Puebla
21186,21186,2021,0,Puebla
21186,21186,2022,1,Puebla
21186,21186,2023,0,Puebla
21186,21186,2024,0,Puebla
21186,21186,2025,1,Puebla
21187,21187,2015,0,Puebla
21187,21187,2016,0,Puebla
21187,21187,2017,0,Puebla
21187,21187,2018,0,Puebla
21187,21187,2019,0,Puebla
21187,21187,2020,0,Puebla
21187,21187,2021,0,Puebla
21187,21187,2022,0,Puebla
21187,21187,2023,0,Puebla
21187,21187,2024,1,Puebla
21187,21187,2025,0,Puebla
21188,21188,2015,0,Puebla
21188,21188,2016,0,Puebla
21188,21188,2017,0,Puebla
21188,21188,2018,0,Puebla
21188,21188,2019,0,Puebla
21188,21188,2020,0,Puebla
21188,21188,2021,0,Puebla
21188,21188,2022,0,Puebla
21188,21188,2023,0,Puebla
21188,21188,2024,0,Puebla
21188,21188,2025,0,Puebla
21189,21189,2015,0,Puebla
21189,21189,2016,0,Puebla
21189,21189,2017,0,Puebla
21189,21189,2018,0,Puebla
21189,21189,2019,0,Puebla
21189,21189,2020,0,Puebla
21189,21189,2021,0,Puebla
21189,21189,2022,0,Puebla
21189,21189,2023,0,Puebla
21189,21189,2024,0,Puebla
21189,21189,2025,0,Puebla
21190,21190,2015,0,Puebla
21190,21190,2016,0,Puebla
21190,21190,2017,0,Puebla
21190,21190,2018,0,Puebla
21190,21190,2019,0,Puebla
21190,21190,2020,0,Puebla
21190,21190,2021,0,Puebla
21190,21190,2022,0,Puebla
21190,21190,2023,1,Puebla
21190,21190,2024,0,Puebla
21190,21190,2025,0,Puebla
21191,21191,2015,0,Puebla
21191,21191,2016,0,Puebla
21191,21191,2017,0,Puebla
21191,21191,2018,0,Puebla
21191,21191,2019,0,Puebla
21191,21191,2020,1,Puebla
21191,21191,2021,0,Puebla
21191,21191,2022,0,Puebla
21191,21191,2023,0,Puebla
21191,21191,2024,0,Puebla
21191,21191,2025,0,Puebla
21192,21192,2015,0,Puebla
21192,21192,2016,0,Puebla
21192,21192,2017,0,Puebla
21192,21192,2018,0,Puebla
21192,21192,2019,0,Puebla
21192,21192,2020,0,Puebla
21192,21192,2021,0,Puebla
21192,21192,2022,0,Puebla
21192,21192,2023,0,Puebla
21192,21192,2024,0,Puebla
21192,21192,2025,1,Puebla
21193,21193,2015,0,Puebla
21193,21193,2016,0,Puebla
21193,21193,2017,0,Puebla
21193,21193,2018,0,Puebla
21193,21193,2019,0,Puebla
21193,21193,2020,0,Puebla
21193,21193,2021,0,Puebla
21193,21193,2022,0,Puebla
21193,21193,2023,0,Puebla
21193,21193,2024,0,Puebla
21193,21193,2025,0,Puebla
21194,21194,2015,0,Puebla
21194,21194,2016,0,Puebla
21194,21194,2017,0,Puebla
21194,21194,2018,0,Puebla
21194,21194,2019,0,Puebla
21194,21194,2020,0,Puebla
21194,21194,2021,0,Puebla
21194,21194,2022,1,Puebla
21194,21194,2023,0,Puebla
21194,21194,2024,1,Puebla
21194,21194,2025,1,Puebla
21195,21195,2015,0,Puebla
21195,21195,2016,0,Puebla
21195,21195,2017,1,Puebla
21195,21195,2018,0,Puebla
21195,21195,2019,0,Puebla
21195,21195,2020,0,Puebla
21195,21195,2021,0,Puebla
21195,21195,2022,0,Puebla
21195,21195,2023,0,Puebla
21195,21195,2024,0,Puebla
21195,21195,2025,0,Puebla
21196,21196,2015,0,Puebla
21196,21196,2016,0,Puebla
21196,21196,2017,0,Puebla
21196,21196,2018,1,Puebla
21196,21196,2019,0,Puebla
21196,21196,2020,0,Puebla
21196,21196,2021,0,Puebla
21196,21196,2022,0,Puebla
21196,21196,2023,0,Puebla
21196,21196,2024,0,Puebla
21196,21196,2025,0,Puebla
21197,21197,2015,0,Puebla
21197,21197,2016,0,Puebla
21197,21197,2017,1,Puebla
21197,21197,2018,1,Puebla
21197,21197,2019,0,Puebla
21197,21197,2020,1,Puebla
21197,21197,2021,1,Puebla
21197,21197,2022,1,Puebla
21197,21197,2023,0,Puebla
21197,21197,2024,2,Puebla
21197,21197,2025,2,Puebla
21198,21198,2015,0,Puebla
21198,21198,2016,0,Puebla
21198,21198,2017,0,Puebla
21198,21198,2018,0,Puebla
21198,21198,2019,0,Puebla
21198,21198,2020,0,Puebla
21198,21198,2021,0,Puebla
21198,21198,2022,0,Puebla
21198,21198,2023,0,Puebla
21198,21198,2024,0,Puebla
21198,21198,2025,0,Puebla
21199,21199,2015,0,Puebla
21199,21199,2016,0,Puebla
21199,21199,2017,0,Puebla
21199,21199,2018,0,Puebla
21199,21199,2019,1,Puebla
21199,21199,2020,0,Puebla
21199,21199,2021,0,Puebla
21199,21199,2022,0,Puebla
21199,21199,2023,0,Puebla
21199,21199,2024,0,Puebla
21199,21199,2025,0,Puebla
21200,21200,2015,0,Puebla
21200,21200,2016,0,Puebla
21200,21200,2017,0,Puebla
21200,21200,2018,0,Puebla
21200,21200,2019,0,Puebla
21200,21200,2020,0,Puebla
21200,21200,2021,0,Puebla
21200,21200,2022,0,Puebla
21200,21200,2023,0,Puebla
21200,21200,2024,0,Puebla
21200,21200,2025,0,Puebla
21201,21201,2015,0,Puebla
21201,21201,2016,0,Puebla
21201,21201,2017,0,Puebla
21201,21201,2018,0,Puebla
21201,21201,2019,0,Puebla
21201,21201,2020,0,Puebla
21201,21201,2021,0,Puebla
21201,21201,2022,0,Puebla
21201,21201,2023,0,Puebla
21201,21201,2024,0,Puebla
21201,21201,2025,0,Puebla
21202,21202,2015,0,Puebla
21202,21202,2016,0,Puebla
21202,21202,2017,0,Puebla
21202,21202,2018,0,Puebla
21202,21202,2019,0,Puebla
21202,21202,2020,0,Puebla
21202,21202,2021,0,Puebla
21202,21202,2022,0,Puebla
21202,21202,2023,0,Puebla
21202,21202,2024,0,Puebla
21202,21202,2025,0,Puebla
21203,21203,2015,0,Puebla
21203,21203,2016,0,Puebla
21203,21203,2017,0,Puebla
21203,21203,2018,0,Puebla
21203,21203,2019,0,Puebla
21203,21203,2020,0,Puebla
21203,21203,2021,0,Puebla
21203,21203,2022,0,Puebla
21203,21203,2023,0,Puebla
21203,21203,2024,0,Puebla
21203,21203,2025,0,Puebla
21204,21204,2015,0,Puebla
21204,21204,2016,0,Puebla
21204,21204,2017,0,Puebla
21204,21204,2018,0,Puebla
21204,21204,2019,0,Puebla
21204,21204,2020,0,Puebla
21204,21204,2021,0,Puebla
21204,21204,2022,0,Puebla
21204,21204,2023,0,Puebla
21204,21204,2024,0,Puebla
21204,21204,2025,0,Puebla
21205,21205,2015,0,Puebla
21205,21205,2016,0,Puebla
21205,21205,2017,0,Puebla
21205,21205,2018,1,Puebla
21205,21205,2019,0,Puebla
21205,21205,2020,0,Puebla
21205,21205,2021,0,Puebla
21205,21205,2022,0,Puebla
21205,21205,2023,0,Puebla
21205,21205,2024,0,Puebla
21205,21205,2025,0,Puebla
21206,21206,2015,0,Puebla
21206,21206,2016,0,Puebla
21206,21206,2017,0,Puebla
21206,21206,2018,0,Puebla
21206,21206,2019,0,Puebla
21206,21206,2020,0,Puebla
21206,21206,2021,0,Puebla
21206,21206,2022,0,Puebla
21206,21206,2023,0,Puebla
21206,21206,2024,0,Puebla
21206,21206,2025,0,Puebla
21207,21207,2015,0,Puebla
21207,21207,2016,0,Puebla
21207,21207,2017,1,Puebla
21207,21207,2018,0,Puebla
21207,21207,2019,1,Puebla
21207,21207,2020,1,Puebla
21207,21207,2021,0,Puebla
21207,21207,2022,0,Puebla
21207,21207,2023,0,Puebla
21207,21207,2024,1,Puebla
21207,21207,2025,0,Puebla
21208,21208,2015,0,Puebla
21208,21208,2016,0,Puebla
21208,21208,2017,0,Puebla
21208,21208,2018,0,Puebla
21208,21208,2019,2,Puebla
21208,21208,2020,5,Puebla
21208,21208,2021,2,Puebla
21208,21208,2022,0,Puebla
21208,21208,2023,1,Puebla
21208,21208,2024,0,Puebla
21208,21208,2025,0,Puebla
21209,21209,2015,0,Puebla
21209,21209,2016,0,Puebla
21209,21209,2017,0,Puebla
21209,21209,2018,0,Puebla
21209,21209,2019,0,Puebla
21209,21209,2020,0,Puebla
21209,21209,2021,0,Puebla
21209,21209,2022,0,Puebla
21209,21209,2023,0,Puebla
21209,21209,2024,0,Puebla
21209,21209,2025,0,Puebla
21210,21210,2015,0,Puebla
21210,21210,2016,0,Puebla
21210,21210,2017,0,Puebla
21210,21210,2018,0,Puebla
21210,21210,2019,0,Puebla
21210,21210,2020,0,Puebla
21210,21210,2021,0,Puebla
21210,21210,2022,0,Puebla
21210,21210,2023,0,Puebla
21210,21210,2024,0,Puebla
21210,21210,2025,0,Puebla
21211,21211,2015,0,Puebla
21211,21211,2016,0,Puebla
21211,21211,2017,0,Puebla
21211,21211,2018,0,Puebla
21211,21211,2019,0,Puebla
21211,21211,2020,0,Puebla
21211,21211,2021,0,Puebla
21211,21211,2022,0,Puebla
21211,21211,2023,0,Puebla
21211,21211,2024,0,Puebla
21211,21211,2025,0,Puebla
21212,21212,2015,0,Puebla
21212,21212,2016,0,Puebla
21212,21212,2017,0,Puebla
21212,21212,2018,0,Puebla
21212,21212,2019,0,Puebla
21212,21212,2020,0,Puebla
21212,21212,2021,0,Puebla
21212,21212,2022,0,Puebla
21212,21212,2023,0,Puebla
21212,21212,2024,0,Puebla
21212,21212,2025,0,Puebla
21213,21213,2015,0,Puebla
21213,21213,2016,0,Puebla
21213,21213,2017,0,Puebla
21213,21213,2018,0,Puebla
21213,21213,2019,2,Puebla
21213,21213,2020,1,Puebla
21213,21213,2021,1,Puebla
21213,21213,2022,0,Puebla
21213,21213,2023,0,Puebla
21213,21213,2024,0,Puebla
21213,21213,2025,0,Puebla
21214,21214,2015,0,Puebla
21214,21214,2016,0,Puebla
21214,21214,2017,0,Puebla
21214,21214,2018,0,Puebla
21214,21214,2019,0,Puebla
21214,21214,2020,0,Puebla
21214,21214,2021,0,Puebla
21214,21214,2022,0,Puebla
21214,21214,2023,0,Puebla
21214,21214,2024,0,Puebla
21214,21214,2025,0,Puebla
21215,21215,2015,0,Puebla
21215,21215,2016,0,Puebla
21215,21215,2017,0,Puebla
21215,21215,2018,0,Puebla
21215,21215,2019,0,Puebla
21215,21215,2020,0,Puebla
21215,21215,2021,0,Puebla
21215,21215,2022,0,Puebla
21215,21215,2023,0,Puebla
21215,21215,2024,0,Puebla
21215,21215,2025,0,Puebla
21216,21216,2015,0,Puebla
21216,21216,2016,0,Puebla
21216,21216,2017,0,Puebla
21216,21216,2018,0,Puebla
21216,21216,2019,0,Puebla
21216,21216,2020,0,Puebla
21216,21216,2021,0,Puebla
21216,21216,2022,0,Puebla
21216,21216,2023,0,Puebla
21216,21216,2024,0,Puebla
21216,21216,2025,0,Puebla
21217,21217,2015,0,Puebla
21217,21217,2016,0,Puebla
21217,21217,2017,0,Puebla
21217,21217,2018,0,Puebla
21217,21217,2019,1,Puebla
21217,21217,2020,1,Puebla
21217,21217,2021,0,Puebla
21217,21217,2022,1,Puebla
21217,21217,2023,0,Puebla
21217,21217,2024,0,Puebla
21217,21217,2025,0,Puebla
