cve_mun,anio,municipio.x,feminicidios,municipio.y,tasa_fem_100k,pib_pc,log_pib_pc
21001,2015,21001,0,21001,NA,NA,NA
21001,2016,21001,0,21001,NA,NA,NA
21001,2017,21001,1,21001,NA,NA,NA
21001,2018,21001,0,21001,NA,NA,NA
21001,2019,21001,0,21001,NA,NA,NA
21001,2020,21001,2,21001,NA,NA,NA
21001,2021,21001,1,21001,NA,NA,NA
21001,2022,21001,1,21001,NA,NA,NA
21001,2023,21001,1,21001,NA,NA,NA
21001,2024,21001,0,21001,NA,NA,NA
21001,2025,21001,0,21001,NA,NA,NA
21002,2015,21002,0,21002,NA,NA,NA
21002,2016,21002,0,21002,NA,NA,NA
21002,2017,21002,0,21002,NA,NA,NA
21002,2018,21002,0,21002,NA,NA,NA
21002,2019,21002,0,21002,NA,NA,NA
21002,2020,21002,0,21002,NA,NA,NA
21002,2021,21002,0,21002,NA,NA,NA
21002,2022,21002,0,21002,NA,NA,NA
21002,2023,21002,1,21002,NA,NA,NA
21002,2024,21002,0,21002,NA,NA,NA
21002,2025,21002,0,21002,NA,NA,NA
21003,2015,21003,0,21003,NA,NA,NA
21003,2016,21003,0,21003,NA,NA,NA
21003,2017,21003,1,21003,NA,NA,NA
21003,2018,21003,1,21003,NA,NA,NA
21003,2019,21003,0,21003,NA,NA,NA
21003,2020,21003,1,21003,NA,NA,NA
21003,2021,21003,0,21003,NA,NA,NA
21003,2022,21003,0,21003,NA,NA,NA
21003,2023,21003,1,21003,NA,NA,NA
21003,2024,21003,1,21003,NA,NA,NA
21003,2025,21003,0,21003,NA,NA,NA
21004,2015,21004,0,21004,NA,NA,NA
21004,2016,21004,0,21004,NA,NA,NA
21004,2017,21004,0,21004,NA,NA,NA
21004,2018,21004,1,21004,NA,NA,NA
21004,2019,21004,0,21004,NA,NA,NA
21004,2020,21004,0,21004,NA,NA,NA
21004,2021,21004,0,21004,NA,NA,NA
21004,2022,21004,0,21004,NA,NA,NA
21004,2023,21004,2,21004,NA,NA,NA
21004,2024,21004,0,21004,NA,NA,NA
21004,2025,21004,2,21004,NA,NA,NA
21005,2015,21005,0,21005,NA,NA,NA
21005,2016,21005,0,21005,NA,NA,NA
21005,2017,21005,0,21005,NA,NA,NA
21005,2018,21005,0,21005,NA,NA,NA
21005,2019,21005,0,21005,NA,NA,NA
21005,2020,21005,0,21005,NA,NA,NA
21005,2021,21005,0,21005,NA,NA,NA
21005,2022,21005,0,21005,NA,NA,NA
21005,2023,21005,0,21005,NA,NA,NA
21005,2024,21005,0,21005,NA,NA,NA
21005,2025,21005,0,21005,NA,NA,NA
21006,2015,21006,0,21006,NA,NA,NA
21006,2016,21006,0,21006,NA,NA,NA
21006,2017,21006,0,21006,NA,NA,NA
21006,2018,21006,0,21006,NA,NA,NA
21006,2019,21006,0,21006,NA,NA,NA
21006,2020,21006,0,21006,NA,NA,NA
21006,2021,21006,0,21006,NA,NA,NA
21006,2022,21006,0,21006,NA,NA,NA
21006,2023,21006,0,21006,NA,NA,NA
21006,2024,21006,0,21006,NA,NA,NA
21006,2025,21006,0,21006,NA,NA,NA
21007,2015,21007,0,21007,NA,NA,NA
21007,2016,21007,0,21007,NA,NA,NA
21007,2017,21007,0,21007,NA,NA,NA
21007,2018,21007,0,21007,NA,NA,NA
21007,2019,21007,0,21007,NA,NA,NA
21007,2020,21007,0,21007,NA,NA,NA
21007,2021,21007,0,21007,NA,NA,NA
21007,2022,21007,0,21007,NA,NA,NA
21007,2023,21007,0,21007,NA,NA,NA
21007,2024,21007,0,21007,NA,NA,NA
21007,2025,21007,0,21007,NA,NA,NA
21008,2015,21008,0,21008,NA,NA,NA
21008,2016,21008,0,21008,NA,NA,NA
21008,2017,21008,0,21008,NA,NA,NA
21008,2018,21008,0,21008,NA,NA,NA
21008,2019,21008,0,21008,NA,NA,NA
21008,2020,21008,1,21008,NA,NA,NA
21008,2021,21008,0,21008,NA,NA,NA
21008,2022,21008,0,21008,NA,NA,NA
21008,2023,21008,0,21008,NA,NA,NA
21008,2024,21008,0,21008,NA,NA,NA
21008,2025,21008,0,21008,NA,NA,NA
21009,2015,21009,0,21009,NA,NA,NA
21009,2016,21009,0,21009,NA,NA,NA
21009,2017,21009,0,21009,NA,NA,NA
21009,2018,21009,0,21009,NA,NA,NA
21009,2019,21009,0,21009,NA,NA,NA
21009,2020,21009,0,21009,NA,NA,NA
21009,2021,21009,0,21009,NA,NA,NA
21009,2022,21009,0,21009,NA,NA,NA
21009,2023,21009,0,21009,NA,NA,NA
21009,2024,21009,0,21009,NA,NA,NA
21009,2025,21009,0,21009,NA,NA,NA
21010,2015,21010,0,21010,NA,NA,NA
21010,2016,21010,0,21010,NA,NA,NA
21010,2017,21010,0,21010,NA,NA,NA
21010,2018,21010,0,21010,NA,NA,NA
21010,2019,21010,0,21010,NA,NA,NA
21010,2020,21010,0,21010,NA,NA,NA
21010,2021,21010,0,21010,NA,NA,NA
21010,2022,21010,0,21010,NA,NA,NA
21010,2023,21010,0,21010,NA,NA,NA
21010,2024,21010,0,21010,NA,NA,NA
21010,2025,21010,0,21010,NA,NA,NA
21011,2015,21011,0,21011,NA,NA,NA
21011,2016,21011,0,21011,NA,NA,NA
21011,2017,21011,0,21011,NA,NA,NA
21011,2018,21011,0,21011,NA,NA,NA
21011,2019,21011,0,21011,NA,NA,NA
21011,2020,21011,0,21011,NA,NA,NA
21011,2021,21011,0,21011,NA,NA,NA
21011,2022,21011,0,21011,NA,NA,NA
21011,2023,21011,0,21011,NA,NA,NA
21011,2024,21011,0,21011,NA,NA,NA
21011,2025,21011,0,21011,NA,NA,NA
21012,2015,21012,0,21012,NA,NA,NA
21012,2016,21012,0,21012,NA,NA,NA
21012,2017,21012,0,21012,NA,NA,NA
21012,2018,21012,0,21012,NA,NA,NA
21012,2019,21012,0,21012,NA,NA,NA
21012,2020,21012,0,21012,NA,NA,NA
21012,2021,21012,0,21012,NA,NA,NA
21012,2022,21012,0,21012,NA,NA,NA
21012,2023,21012,0,21012,NA,NA,NA
21012,2024,21012,0,21012,NA,NA,NA
21012,2025,21012,0,21012,NA,NA,NA
21013,2015,21013,0,21013,NA,NA,NA
21013,2016,21013,0,21013,NA,NA,NA
21013,2017,21013,0,21013,NA,NA,NA
21013,2018,21013,1,21013,NA,NA,NA
21013,2019,21013,0,21013,NA,NA,NA
21013,2020,21013,0,21013,NA,NA,NA
21013,2021,21013,0,21013,NA,NA,NA
21013,2022,21013,0,21013,NA,NA,NA
21013,2023,21013,0,21013,NA,NA,NA
21013,2024,21013,0,21013,NA,NA,NA
21013,2025,21013,0,21013,NA,NA,NA
21014,2015,21014,0,21014,NA,NA,NA
21014,2016,21014,0,21014,NA,NA,NA
21014,2017,21014,0,21014,NA,NA,NA
21014,2018,21014,0,21014,NA,NA,NA
21014,2019,21014,0,21014,NA,NA,NA
21014,2020,21014,0,21014,NA,NA,NA
21014,2021,21014,0,21014,NA,NA,NA
21014,2022,21014,0,21014,NA,NA,NA
21014,2023,21014,1,21014,NA,NA,NA
21014,2024,21014,0,21014,NA,NA,NA
21014,2025,21014,0,21014,NA,NA,NA
21015,2015,21015,0,21015,NA,NA,NA
21015,2016,21015,0,21015,NA,NA,NA
21015,2017,21015,1,21015,NA,NA,NA
21015,2018,21015,1,21015,NA,NA,NA
21015,2019,21015,1,21015,NA,NA,NA
21015,2020,21015,0,21015,NA,NA,NA
21015,2021,21015,1,21015,NA,NA,NA
21015,2022,21015,0,21015,NA,NA,NA
21015,2023,21015,0,21015,NA,NA,NA
21015,2024,21015,0,21015,NA,NA,NA
21015,2025,21015,0,21015,NA,NA,NA
21016,2015,21016,0,21016,NA,NA,NA
21016,2016,21016,0,21016,NA,NA,NA
21016,2017,21016,0,21016,NA,NA,NA
21016,2018,21016,0,21016,NA,NA,NA
21016,2019,21016,0,21016,NA,NA,NA
21016,2020,21016,0,21016,NA,NA,NA
21016,2021,21016,0,21016,NA,NA,NA
21016,2022,21016,0,21016,NA,NA,NA
21016,2023,21016,0,21016,NA,NA,NA
21016,2024,21016,0,21016,NA,NA,NA
21016,2025,21016,0,21016,NA,NA,NA
21017,2015,21017,0,21017,NA,NA,NA
21017,2016,21017,0,21017,NA,NA,NA
21017,2017,21017,0,21017,NA,NA,NA
21017,2018,21017,0,21017,NA,NA,NA
21017,2019,21017,0,21017,NA,NA,NA
21017,2020,21017,1,21017,NA,NA,NA
21017,2021,21017,0,21017,NA,NA,NA
21017,2022,21017,0,21017,NA,NA,NA
21017,2023,21017,0,21017,NA,NA,NA
21017,2024,21017,0,21017,NA,NA,NA
21017,2025,21017,0,21017,NA,NA,NA
21018,2015,21018,0,21018,NA,NA,NA
21018,2016,21018,0,21018,NA,NA,NA
21018,2017,21018,0,21018,NA,NA,NA
21018,2018,21018,0,21018,NA,NA,NA
21018,2019,21018,0,21018,NA,NA,NA
21018,2020,21018,0,21018,NA,NA,NA
21018,2021,21018,0,21018,NA,NA,NA
21018,2022,21018,0,21018,NA,NA,NA
21018,2023,21018,0,21018,NA,NA,NA
21018,2024,21018,0,21018,NA,NA,NA
21018,2025,21018,0,21018,NA,NA,NA
21019,2015,21019,1,21019,NA,NA,NA
21019,2016,21019,0,21019,NA,NA,NA
21019,2017,21019,2,21019,NA,NA,NA
21019,2018,21019,0,21019,NA,NA,NA
21019,2019,21019,1,21019,NA,NA,NA
21019,2020,21019,2,21019,NA,NA,NA
21019,2021,21019,2,21019,NA,NA,NA
21019,2022,21019,1,21019,NA,NA,NA
21019,2023,21019,0,21019,NA,NA,NA
21019,2024,21019,2,21019,NA,NA,NA
21019,2025,21019,1,21019,NA,NA,NA
21020,2015,21020,0,21020,NA,NA,NA
21020,2016,21020,0,21020,NA,NA,NA
21020,2017,21020,0,21020,NA,NA,NA
21020,2018,21020,0,21020,NA,NA,NA
21020,2019,21020,0,21020,NA,NA,NA
21020,2020,21020,0,21020,NA,NA,NA
21020,2021,21020,0,21020,NA,NA,NA
21020,2022,21020,0,21020,NA,NA,NA
21020,2023,21020,0,21020,NA,NA,NA
21020,2024,21020,0,21020,NA,NA,NA
21020,2025,21020,0,21020,NA,NA,NA
21021,2015,21021,0,21021,NA,NA,NA
21021,2016,21021,0,21021,NA,NA,NA
21021,2017,21021,0,21021,NA,NA,NA
21021,2018,21021,0,21021,NA,NA,NA
21021,2019,21021,0,21021,NA,NA,NA
21021,2020,21021,0,21021,NA,NA,NA
21021,2021,21021,0,21021,NA,NA,NA
21021,2022,21021,0,21021,NA,NA,NA
21021,2023,21021,0,21021,NA,NA,NA
21021,2024,21021,0,21021,NA,NA,NA
21021,2025,21021,0,21021,NA,NA,NA
21022,2015,21022,0,21022,NA,NA,NA
21022,2016,21022,0,21022,NA,NA,NA
21022,2017,21022,0,21022,NA,NA,NA
21022,2018,21022,0,21022,NA,NA,NA
21022,2019,21022,0,21022,NA,NA,NA
21022,2020,21022,0,21022,NA,NA,NA
21022,2021,21022,0,21022,NA,NA,NA
21022,2022,21022,0,21022,NA,NA,NA
21022,2023,21022,0,21022,NA,NA,NA
21022,2024,21022,0,21022,NA,NA,NA
21022,2025,21022,0,21022,NA,NA,NA
21023,2015,21023,0,21023,NA,NA,NA
21023,2016,21023,0,21023,NA,NA,NA
21023,2017,21023,0,21023,NA,NA,NA
21023,2018,21023,0,21023,NA,NA,NA
21023,2019,21023,0,21023,NA,NA,NA
21023,2020,21023,0,21023,NA,NA,NA
21023,2021,21023,0,21023,NA,NA,NA
21023,2022,21023,0,21023,NA,NA,NA
21023,2023,21023,0,21023,NA,NA,NA
21023,2024,21023,0,21023,NA,NA,NA
21023,2025,21023,0,21023,NA,NA,NA
21024,2015,21024,0,21024,NA,NA,NA
21024,2016,21024,0,21024,NA,NA,NA
21024,2017,21024,0,21024,NA,NA,NA
21024,2018,21024,0,21024,NA,NA,NA
21024,2019,21024,0,21024,NA,NA,NA
21024,2020,21024,0,21024,NA,NA,NA
21024,2021,21024,0,21024,NA,NA,NA
21024,2022,21024,0,21024,NA,NA,NA
21024,2023,21024,0,21024,NA,NA,NA
21024,2024,21024,0,21024,NA,NA,NA
21024,2025,21024,0,21024,NA,NA,NA
21025,2015,21025,0,21025,NA,NA,NA
21025,2016,21025,0,21025,NA,NA,NA
21025,2017,21025,0,21025,NA,NA,NA
21025,2018,21025,0,21025,NA,NA,NA
21025,2019,21025,0,21025,NA,NA,NA
21025,2020,21025,0,21025,NA,NA,NA
21025,2021,21025,0,21025,NA,NA,NA
21025,2022,21025,0,21025,NA,NA,NA
21025,2023,21025,0,21025,NA,NA,NA
21025,2024,21025,0,21025,NA,NA,NA
21025,2025,21025,0,21025,NA,NA,NA
21026,2015,21026,0,21026,NA,NA,NA
21026,2016,21026,1,21026,NA,NA,NA
21026,2017,21026,0,21026,NA,NA,NA
21026,2018,21026,0,21026,NA,NA,NA
21026,2019,21026,0,21026,NA,NA,NA
21026,2020,21026,0,21026,NA,NA,NA
21026,2021,21026,0,21026,NA,NA,NA
21026,2022,21026,0,21026,NA,NA,NA
21026,2023,21026,0,21026,NA,NA,NA
21026,2024,21026,0,21026,NA,NA,NA
21026,2025,21026,0,21026,NA,NA,NA
21027,2015,21027,0,21027,NA,NA,NA
21027,2016,21027,0,21027,NA,NA,NA
21027,2017,21027,0,21027,NA,NA,NA
21027,2018,21027,0,21027,NA,NA,NA
21027,2019,21027,0,21027,NA,NA,NA
21027,2020,21027,0,21027,NA,NA,NA
21027,2021,21027,0,21027,NA,NA,NA
21027,2022,21027,0,21027,NA,NA,NA
21027,2023,21027,0,21027,NA,NA,NA
21027,2024,21027,0,21027,NA,NA,NA
21027,2025,21027,0,21027,NA,NA,NA
21028,2015,21028,0,21028,NA,NA,NA
21028,2016,21028,0,21028,NA,NA,NA
21028,2017,21028,0,21028,NA,NA,NA
21028,2018,21028,0,21028,NA,NA,NA
21028,2019,21028,0,21028,NA,NA,NA
21028,2020,21028,0,21028,NA,NA,NA
21028,2021,21028,0,21028,NA,NA,NA
21028,2022,21028,0,21028,NA,NA,NA
21028,2023,21028,0,21028,NA,NA,NA
21028,2024,21028,0,21028,NA,NA,NA
21028,2025,21028,0,21028,NA,NA,NA
21029,2015,21029,0,21029,NA,NA,NA
21029,2016,21029,0,21029,NA,NA,NA
21029,2017,21029,0,21029,NA,NA,NA
21029,2018,21029,0,21029,NA,NA,NA
21029,2019,21029,0,21029,NA,NA,NA
21029,2020,21029,0,21029,NA,NA,NA
21029,2021,21029,0,21029,NA,NA,NA
21029,2022,21029,0,21029,NA,NA,NA
21029,2023,21029,0,21029,NA,NA,NA
21029,2024,21029,0,21029,NA,NA,NA
21029,2025,21029,0,21029,NA,NA,NA
21030,2015,21030,0,21030,NA,NA,NA
21030,2016,21030,0,21030,NA,NA,NA
21030,2017,21030,0,21030,NA,NA,NA
21030,2018,21030,0,21030,NA,NA,NA
21030,2019,21030,0,21030,NA,NA,NA
21030,2020,21030,0,21030,NA,NA,NA
21030,2021,21030,0,21030,NA,NA,NA
21030,2022,21030,0,21030,NA,NA,NA
21030,2023,21030,0,21030,NA,NA,NA
21030,2024,21030,0,21030,NA,NA,NA
21030,2025,21030,0,21030,NA,NA,NA
21031,2015,21031,0,21031,NA,NA,NA
21031,2016,21031,0,21031,NA,NA,NA
21031,2017,21031,0,21031,NA,NA,NA
21031,2018,21031,0,21031,NA,NA,NA
21031,2019,21031,0,21031,NA,NA,NA
21031,2020,21031,0,21031,NA,NA,NA
21031,2021,21031,0,21031,NA,NA,NA
21031,2022,21031,0,21031,NA,NA,NA
21031,2023,21031,0,21031,NA,NA,NA
21031,2024,21031,0,21031,NA,NA,NA
21031,2025,21031,0,21031,NA,NA,NA
21032,2015,21032,0,21032,NA,NA,NA
21032,2016,21032,0,21032,NA,NA,NA
21032,2017,21032,0,21032,NA,NA,NA
21032,2018,21032,0,21032,NA,NA,NA
21032,2019,21032,0,21032,NA,NA,NA
21032,2020,21032,0,21032,NA,NA,NA
21032,2021,21032,0,21032,NA,NA,NA
21032,2022,21032,0,21032,NA,NA,NA
21032,2023,21032,0,21032,NA,NA,NA
21032,2024,21032,0,21032,NA,NA,NA
21032,2025,21032,0,21032,NA,NA,NA
21033,2015,21033,0,21033,NA,NA,NA
21033,2016,21033,0,21033,NA,NA,NA
21033,2017,21033,0,21033,NA,NA,NA
21033,2018,21033,0,21033,NA,NA,NA
21033,2019,21033,0,21033,NA,NA,NA
21033,2020,21033,0,21033,NA,NA,NA
21033,2021,21033,0,21033,NA,NA,NA
21033,2022,21033,0,21033,NA,NA,NA
21033,2023,21033,0,21033,NA,NA,NA
21033,2024,21033,0,21033,NA,NA,NA
21033,2025,21033,0,21033,NA,NA,NA
21034,2015,21034,0,21034,NA,NA,NA
21034,2016,21034,0,21034,NA,NA,NA
21034,2017,21034,1,21034,NA,NA,NA
21034,2018,21034,0,21034,NA,NA,NA
21034,2019,21034,0,21034,NA,NA,NA
21034,2020,21034,3,21034,NA,NA,NA
21034,2021,21034,0,21034,NA,NA,NA
21034,2022,21034,0,21034,NA,NA,NA
21034,2023,21034,0,21034,NA,NA,NA
21034,2024,21034,1,21034,NA,NA,NA
21034,2025,21034,0,21034,NA,NA,NA
21035,2015,21035,0,21035,NA,NA,NA
21035,2016,21035,0,21035,NA,NA,NA
21035,2017,21035,0,21035,NA,NA,NA
21035,2018,21035,0,21035,NA,NA,NA
21035,2019,21035,0,21035,NA,NA,NA
21035,2020,21035,0,21035,NA,NA,NA
21035,2021,21035,0,21035,NA,NA,NA
21035,2022,21035,0,21035,NA,NA,NA
21035,2023,21035,0,21035,NA,NA,NA
21035,2024,21035,0,21035,NA,NA,NA
21035,2025,21035,0,21035,NA,NA,NA
21036,2015,21036,0,21036,NA,NA,NA
21036,2016,21036,0,21036,NA,NA,NA
21036,2017,21036,0,21036,NA,NA,NA
21036,2018,21036,1,21036,NA,NA,NA
21036,2019,21036,0,21036,NA,NA,NA
21036,2020,21036,0,21036,NA,NA,NA
21036,2021,21036,0,21036,NA,NA,NA
21036,2022,21036,0,21036,NA,NA,NA
21036,2023,21036,0,21036,NA,NA,NA
21036,2024,21036,0,21036,NA,NA,NA
21036,2025,21036,0,21036,NA,NA,NA
21037,2015,21037,0,21037,NA,NA,NA
21037,2016,21037,0,21037,NA,NA,NA
21037,2017,21037,0,21037,NA,NA,NA
21037,2018,21037,0,21037,NA,NA,NA
21037,2019,21037,0,21037,NA,NA,NA
21037,2020,21037,0,21037,NA,NA,NA
21037,2021,21037,0,21037,NA,NA,NA
21037,2022,21037,0,21037,NA,NA,NA
21037,2023,21037,0,21037,NA,NA,NA
21037,2024,21037,0,21037,NA,NA,NA
21037,2025,21037,0,21037,NA,NA,NA
21038,2015,21038,0,21038,NA,NA,NA
21038,2016,21038,0,21038,NA,NA,NA
21038,2017,21038,0,21038,NA,NA,NA
21038,2018,21038,0,21038,NA,NA,NA
21038,2019,21038,0,21038,NA,NA,NA
21038,2020,21038,0,21038,NA,NA,NA
21038,2021,21038,0,21038,NA,NA,NA
21038,2022,21038,0,21038,NA,NA,NA
21038,2023,21038,0,21038,NA,NA,NA
21038,2024,21038,0,21038,NA,NA,NA
21038,2025,21038,0,21038,NA,NA,NA
21039,2015,21039,0,21039,NA,NA,NA
21039,2016,21039,0,21039,NA,NA,NA
21039,2017,21039,0,21039,NA,NA,NA
21039,2018,21039,0,21039,NA,NA,NA
21039,2019,21039,0,21039,NA,NA,NA
21039,2020,21039,0,21039,NA,NA,NA
21039,2021,21039,2,21039,NA,NA,NA
21039,2022,21039,0,21039,NA,NA,NA
21039,2023,21039,0,21039,NA,NA,NA
21039,2024,21039,0,21039,NA,NA,NA
21039,2025,21039,0,21039,NA,NA,NA
21040,2015,21040,0,21040,NA,NA,NA
21040,2016,21040,0,21040,NA,NA,NA
21040,2017,21040,0,21040,NA,NA,NA
21040,2018,21040,0,21040,NA,NA,NA
21040,2019,21040,0,21040,NA,NA,NA
21040,2020,21040,0,21040,NA,NA,NA
21040,2021,21040,0,21040,NA,NA,NA
21040,2022,21040,0,21040,NA,NA,NA
21040,2023,21040,0,21040,NA,NA,NA
21040,2024,21040,0,21040,NA,NA,NA
21040,2025,21040,0,21040,NA,NA,NA
21041,2015,21041,0,21041,NA,NA,NA
21041,2016,21041,0,21041,NA,NA,NA
21041,2017,21041,0,21041,NA,NA,NA
21041,2018,21041,1,21041,NA,NA,NA
21041,2019,21041,1,21041,NA,NA,NA
21041,2020,21041,2,21041,NA,NA,NA
21041,2021,21041,0,21041,NA,NA,NA
21041,2022,21041,0,21041,NA,NA,NA
21041,2023,21041,1,21041,NA,NA,NA
21041,2024,21041,1,21041,NA,NA,NA
21041,2025,21041,1,21041,NA,NA,NA
21042,2015,21042,0,21042,NA,NA,NA
21042,2016,21042,0,21042,NA,NA,NA
21042,2017,21042,0,21042,NA,NA,NA
21042,2018,21042,0,21042,NA,NA,NA
21042,2019,21042,0,21042,NA,NA,NA
21042,2020,21042,0,21042,NA,NA,NA
21042,2021,21042,0,21042,NA,NA,NA
21042,2022,21042,0,21042,NA,NA,NA
21042,2023,21042,0,21042,NA,NA,NA
21042,2024,21042,0,21042,NA,NA,NA
21042,2025,21042,0,21042,NA,NA,NA
21043,2015,21043,0,21043,NA,NA,NA
21043,2016,21043,0,21043,NA,NA,NA
21043,2017,21043,0,21043,NA,NA,NA
21043,2018,21043,0,21043,NA,NA,NA
21043,2019,21043,0,21043,NA,NA,NA
21043,2020,21043,0,21043,NA,NA,NA
21043,2021,21043,0,21043,NA,NA,NA
21043,2022,21043,0,21043,NA,NA,NA
21043,2023,21043,1,21043,NA,NA,NA
21043,2024,21043,2,21043,NA,NA,NA
21043,2025,21043,0,21043,NA,NA,NA
21044,2015,21044,0,21044,NA,NA,NA
21044,2016,21044,0,21044,NA,NA,NA
21044,2017,21044,0,21044,NA,NA,NA
21044,2018,21044,0,21044,NA,NA,NA
21044,2019,21044,1,21044,NA,NA,NA
21044,2020,21044,0,21044,NA,NA,NA
21044,2021,21044,0,21044,NA,NA,NA
21044,2022,21044,0,21044,NA,NA,NA
21044,2023,21044,0,21044,NA,NA,NA
21044,2024,21044,0,21044,NA,NA,NA
21044,2025,21044,0,21044,NA,NA,NA
21045,2015,21045,0,21045,NA,NA,NA
21045,2016,21045,0,21045,NA,NA,NA
21045,2017,21045,0,21045,NA,NA,NA
21045,2018,21045,0,21045,NA,NA,NA
21045,2019,21045,1,21045,NA,NA,NA
21045,2020,21045,0,21045,NA,NA,NA
21045,2021,21045,0,21045,NA,NA,NA
21045,2022,21045,0,21045,NA,NA,NA
21045,2023,21045,0,21045,NA,NA,NA
21045,2024,21045,0,21045,NA,NA,NA
21045,2025,21045,0,21045,NA,NA,NA
21046,2015,21046,0,21046,NA,NA,NA
21046,2016,21046,0,21046,NA,NA,NA
21046,2017,21046,0,21046,NA,NA,NA
21046,2018,21046,0,21046,NA,NA,NA
21046,2019,21046,0,21046,NA,NA,NA
21046,2020,21046,0,21046,NA,NA,NA
21046,2021,21046,0,21046,NA,NA,NA
21046,2022,21046,0,21046,NA,NA,NA
21046,2023,21046,0,21046,NA,NA,NA
21046,2024,21046,0,21046,NA,NA,NA
21046,2025,21046,0,21046,NA,NA,NA
21047,2015,21047,0,21047,NA,NA,NA
21047,2016,21047,0,21047,NA,NA,NA
21047,2017,21047,0,21047,NA,NA,NA
21047,2018,21047,0,21047,NA,NA,NA
21047,2019,21047,0,21047,NA,NA,NA
21047,2020,21047,0,21047,NA,NA,NA
21047,2021,21047,0,21047,NA,NA,NA
21047,2022,21047,1,21047,NA,NA,NA
21047,2023,21047,1,21047,NA,NA,NA
21047,2024,21047,0,21047,NA,NA,NA
21047,2025,21047,0,21047,NA,NA,NA
21048,2015,21048,0,21048,NA,NA,NA
21048,2016,21048,0,21048,NA,NA,NA
21048,2017,21048,0,21048,NA,NA,NA
21048,2018,21048,0,21048,NA,NA,NA
21048,2019,21048,0,21048,NA,NA,NA
21048,2020,21048,0,21048,NA,NA,NA
21048,2021,21048,0,21048,NA,NA,NA
21048,2022,21048,0,21048,NA,NA,NA
21048,2023,21048,0,21048,NA,NA,NA
21048,2024,21048,0,21048,NA,NA,NA
21048,2025,21048,0,21048,NA,NA,NA
21049,2015,21049,0,21049,NA,NA,NA
21049,2016,21049,0,21049,NA,NA,NA
21049,2017,21049,0,21049,NA,NA,NA
21049,2018,21049,0,21049,NA,NA,NA
21049,2019,21049,0,21049,NA,NA,NA
21049,2020,21049,0,21049,NA,NA,NA
21049,2021,21049,1,21049,NA,NA,NA
21049,2022,21049,0,21049,NA,NA,NA
21049,2023,21049,0,21049,NA,NA,NA
21049,2024,21049,0,21049,NA,NA,NA
21049,2025,21049,0,21049,NA,NA,NA
21050,2015,21050,0,21050,NA,NA,NA
21050,2016,21050,0,21050,NA,NA,NA
21050,2017,21050,0,21050,NA,NA,NA
21050,2018,21050,0,21050,NA,NA,NA
21050,2019,21050,0,21050,NA,NA,NA
21050,2020,21050,0,21050,NA,NA,NA
21050,2021,21050,0,21050,NA,NA,NA
21050,2022,21050,1,21050,NA,NA,NA
21050,2023,21050,0,21050,NA,NA,NA
21050,2024,21050,0,21050,NA,NA,NA
21050,2025,21050,0,21050,NA,NA,NA
21051,2015,21051,0,21051,NA,NA,NA
21051,2016,21051,0,21051,NA,NA,NA
21051,2017,21051,1,21051,NA,NA,NA
21051,2018,21051,0,21051,NA,NA,NA
21051,2019,21051,0,21051,NA,NA,NA
21051,2020,21051,4,21051,NA,NA,NA
21051,2021,21051,0,21051,NA,NA,NA
21051,2022,21051,0,21051,NA,NA,NA
21051,2023,21051,1,21051,NA,NA,NA
21051,2024,21051,0,21051,NA,NA,NA
21051,2025,21051,0,21051,NA,NA,NA
21052,2015,21052,0,21052,NA,NA,NA
21052,2016,21052,0,21052,NA,NA,NA
21052,2017,21052,0,21052,NA,NA,NA
21052,2018,21052,0,21052,NA,NA,NA
21052,2019,21052,0,21052,NA,NA,NA
21052,2020,21052,0,21052,NA,NA,NA
21052,2021,21052,0,21052,NA,NA,NA
21052,2022,21052,0,21052,NA,NA,NA
21052,2023,21052,0,21052,NA,NA,NA
21052,2024,21052,0,21052,NA,NA,NA
21052,2025,21052,0,21052,NA,NA,NA
21053,2015,21053,0,21053,NA,NA,NA
21053,2016,21053,0,21053,NA,NA,NA
21053,2017,21053,0,21053,NA,NA,NA
21053,2018,21053,0,21053,NA,NA,NA
21053,2019,21053,1,21053,NA,NA,NA
21053,2020,21053,0,21053,NA,NA,NA
21053,2021,21053,0,21053,NA,NA,NA
21053,2022,21053,0,21053,NA,NA,NA
21053,2023,21053,0,21053,NA,NA,NA
21053,2024,21053,3,21053,NA,NA,NA
21053,2025,21053,0,21053,NA,NA,NA
21054,2015,21054,0,21054,NA,NA,NA
21054,2016,21054,0,21054,NA,NA,NA
21054,2017,21054,0,21054,NA,NA,NA
21054,2018,21054,0,21054,NA,NA,NA
21054,2019,21054,0,21054,NA,NA,NA
21054,2020,21054,0,21054,NA,NA,NA
21054,2021,21054,0,21054,NA,NA,NA
21054,2022,21054,0,21054,NA,NA,NA
21054,2023,21054,0,21054,NA,NA,NA
21054,2024,21054,2,21054,NA,NA,NA
21054,2025,21054,0,21054,NA,NA,NA
21055,2015,21055,0,21055,NA,NA,NA
21055,2016,21055,0,21055,NA,NA,NA
21055,2017,21055,0,21055,NA,NA,NA
21055,2018,21055,0,21055,NA,NA,NA
21055,2019,21055,0,21055,NA,NA,NA
21055,2020,21055,0,21055,NA,NA,NA
21055,2021,21055,0,21055,NA,NA,NA
21055,2022,21055,0,21055,NA,NA,NA
21055,2023,21055,0,21055,NA,NA,NA
21055,2024,21055,0,21055,NA,NA,NA
21055,2025,21055,0,21055,NA,NA,NA
21056,2015,21056,0,21056,NA,NA,NA
21056,2016,21056,0,21056,NA,NA,NA
21056,2017,21056,0,21056,NA,NA,NA
21056,2018,21056,0,21056,NA,NA,NA
21056,2019,21056,0,21056,NA,NA,NA
21056,2020,21056,0,21056,NA,NA,NA
21056,2021,21056,0,21056,NA,NA,NA
21056,2022,21056,0,21056,NA,NA,NA
21056,2023,21056,0,21056,NA,NA,NA
21056,2024,21056,0,21056,NA,NA,NA
21056,2025,21056,0,21056,NA,NA,NA
21057,2015,21057,0,21057,NA,NA,NA
21057,2016,21057,0,21057,NA,NA,NA
21057,2017,21057,0,21057,NA,NA,NA
21057,2018,21057,0,21057,NA,NA,NA
21057,2019,21057,0,21057,NA,NA,NA
21057,2020,21057,0,21057,NA,NA,NA
21057,2021,21057,0,21057,NA,NA,NA
21057,2022,21057,0,21057,NA,NA,NA
21057,2023,21057,0,21057,NA,NA,NA
21057,2024,21057,0,21057,NA,NA,NA
21057,2025,21057,0,21057,NA,NA,NA
21058,2015,21058,0,21058,NA,NA,NA
21058,2016,21058,0,21058,NA,NA,NA
21058,2017,21058,0,21058,NA,NA,NA
21058,2018,21058,0,21058,NA,NA,NA
21058,2019,21058,0,21058,NA,NA,NA
21058,2020,21058,0,21058,NA,NA,NA
21058,2021,21058,0,21058,NA,NA,NA
21058,2022,21058,0,21058,NA,NA,NA
21058,2023,21058,0,21058,NA,NA,NA
21058,2024,21058,0,21058,NA,NA,NA
21058,2025,21058,0,21058,NA,NA,NA
21059,2015,21059,0,21059,NA,NA,NA
21059,2016,21059,0,21059,NA,NA,NA
21059,2017,21059,0,21059,NA,NA,NA
21059,2018,21059,0,21059,NA,NA,NA
21059,2019,21059,0,21059,NA,NA,NA
21059,2020,21059,0,21059,NA,NA,NA
21059,2021,21059,0,21059,NA,NA,NA
21059,2022,21059,0,21059,NA,NA,NA
21059,2023,21059,0,21059,NA,NA,NA
21059,2024,21059,0,21059,NA,NA,NA
21059,2025,21059,0,21059,NA,NA,NA
21060,2015,21060,0,21060,NA,NA,NA
21060,2016,21060,0,21060,NA,NA,NA
21060,2017,21060,0,21060,NA,NA,NA
21060,2018,21060,0,21060,NA,NA,NA
21060,2019,21060,1,21060,NA,NA,NA
21060,2020,21060,0,21060,NA,NA,NA
21060,2021,21060,0,21060,NA,NA,NA
21060,2022,21060,0,21060,NA,NA,NA
21060,2023,21060,1,21060,NA,NA,NA
21060,2024,21060,0,21060,NA,NA,NA
21060,2025,21060,0,21060,NA,NA,NA
21061,2015,21061,0,21061,NA,NA,NA
21061,2016,21061,0,21061,NA,NA,NA
21061,2017,21061,0,21061,NA,NA,NA
21061,2018,21061,0,21061,NA,NA,NA
21061,2019,21061,2,21061,NA,NA,NA
21061,2020,21061,0,21061,NA,NA,NA
21061,2021,21061,0,21061,NA,NA,NA
21061,2022,21061,0,21061,NA,NA,NA
21061,2023,21061,0,21061,NA,NA,NA
21061,2024,21061,0,21061,NA,NA,NA
21061,2025,21061,0,21061,NA,NA,NA
21062,2015,21062,0,21062,NA,NA,NA
21062,2016,21062,0,21062,NA,NA,NA
21062,2017,21062,0,21062,NA,NA,NA
21062,2018,21062,0,21062,NA,NA,NA
21062,2019,21062,0,21062,NA,NA,NA
21062,2020,21062,0,21062,NA,NA,NA
21062,2021,21062,0,21062,NA,NA,NA
21062,2022,21062,0,21062,NA,NA,NA
21062,2023,21062,0,21062,NA,NA,NA
21062,2024,21062,0,21062,NA,NA,NA
21062,2025,21062,0,21062,NA,NA,NA
21063,2015,21063,0,21063,NA,NA,NA
21063,2016,21063,0,21063,NA,NA,NA
21063,2017,21063,0,21063,NA,NA,NA
21063,2018,21063,0,21063,NA,NA,NA
21063,2019,21063,0,21063,NA,NA,NA
21063,2020,21063,0,21063,NA,NA,NA
21063,2021,21063,0,21063,NA,NA,NA
21063,2022,21063,1,21063,NA,NA,NA
21063,2023,21063,0,21063,NA,NA,NA
21063,2024,21063,0,21063,NA,NA,NA
21063,2025,21063,0,21063,NA,NA,NA
21064,2015,21064,0,21064,NA,NA,NA
21064,2016,21064,0,21064,NA,NA,NA
21064,2017,21064,0,21064,NA,NA,NA
21064,2018,21064,0,21064,NA,NA,NA
21064,2019,21064,0,21064,NA,NA,NA
21064,2020,21064,0,21064,NA,NA,NA
21064,2021,21064,1,21064,NA,NA,NA
21064,2022,21064,1,21064,NA,NA,NA
21064,2023,21064,0,21064,NA,NA,NA
21064,2024,21064,0,21064,NA,NA,NA
21064,2025,21064,0,21064,NA,NA,NA
21065,2015,21065,0,21065,NA,NA,NA
21065,2016,21065,0,21065,NA,NA,NA
21065,2017,21065,0,21065,NA,NA,NA
21065,2018,21065,0,21065,NA,NA,NA
21065,2019,21065,0,21065,NA,NA,NA
21065,2020,21065,0,21065,NA,NA,NA
21065,2021,21065,0,21065,NA,NA,NA
21065,2022,21065,0,21065,NA,NA,NA
21065,2023,21065,0,21065,NA,NA,NA
21065,2024,21065,0,21065,NA,NA,NA
21065,2025,21065,0,21065,NA,NA,NA
21066,2015,21066,0,21066,NA,NA,NA
21066,2016,21066,0,21066,NA,NA,NA
21066,2017,21066,0,21066,NA,NA,NA
21066,2018,21066,0,21066,NA,NA,NA
21066,2019,21066,0,21066,NA,NA,NA
21066,2020,21066,0,21066,NA,NA,NA
21066,2021,21066,0,21066,NA,NA,NA
21066,2022,21066,0,21066,NA,NA,NA
21066,2023,21066,0,21066,NA,NA,NA
21066,2024,21066,0,21066,NA,NA,NA
21066,2025,21066,0,21066,NA,NA,NA
21067,2015,21067,0,21067,NA,NA,NA
21067,2016,21067,0,21067,NA,NA,NA
21067,2017,21067,0,21067,NA,NA,NA
21067,2018,21067,0,21067,NA,NA,NA
21067,2019,21067,0,21067,NA,NA,NA
21067,2020,21067,0,21067,NA,NA,NA
21067,2021,21067,0,21067,NA,NA,NA
21067,2022,21067,0,21067,NA,NA,NA
21067,2023,21067,1,21067,NA,NA,NA
21067,2024,21067,0,21067,NA,NA,NA
21067,2025,21067,0,21067,NA,NA,NA
21068,2015,21068,0,21068,NA,NA,NA
21068,2016,21068,0,21068,NA,NA,NA
21068,2017,21068,0,21068,NA,NA,NA
21068,2018,21068,0,21068,NA,NA,NA
21068,2019,21068,0,21068,NA,NA,NA
21068,2020,21068,0,21068,NA,NA,NA
21068,2021,21068,0,21068,NA,NA,NA
21068,2022,21068,0,21068,NA,NA,NA
21068,2023,21068,0,21068,NA,NA,NA
21068,2024,21068,0,21068,NA,NA,NA
21068,2025,21068,0,21068,NA,NA,NA
21069,2015,21069,0,21069,NA,NA,NA
21069,2016,21069,0,21069,NA,NA,NA
21069,2017,21069,1,21069,NA,NA,NA
21069,2018,21069,0,21069,NA,NA,NA
21069,2019,21069,0,21069,NA,NA,NA
21069,2020,21069,0,21069,NA,NA,NA
21069,2021,21069,0,21069,NA,NA,NA
21069,2022,21069,0,21069,NA,NA,NA
21069,2023,21069,0,21069,NA,NA,NA
21069,2024,21069,0,21069,NA,NA,NA
21069,2025,21069,0,21069,NA,NA,NA
21070,2015,21070,0,21070,NA,NA,NA
21070,2016,21070,0,21070,NA,NA,NA
21070,2017,21070,0,21070,NA,NA,NA
21070,2018,21070,0,21070,NA,NA,NA
21070,2019,21070,0,21070,NA,NA,NA
21070,2020,21070,0,21070,NA,NA,NA
21070,2021,21070,0,21070,NA,NA,NA
21070,2022,21070,0,21070,NA,NA,NA
21070,2023,21070,0,21070,NA,NA,NA
21070,2024,21070,0,21070,NA,NA,NA
21070,2025,21070,0,21070,NA,NA,NA
21071,2015,21071,0,21071,NA,NA,NA
21071,2016,21071,0,21071,NA,NA,NA
21071,2017,21071,0,21071,NA,NA,NA
21071,2018,21071,0,21071,NA,NA,NA
21071,2019,21071,2,21071,NA,NA,NA
21071,2020,21071,0,21071,NA,NA,NA
21071,2021,21071,0,21071,NA,NA,NA
21071,2022,21071,2,21071,NA,NA,NA
21071,2023,21071,0,21071,NA,NA,NA
21071,2024,21071,0,21071,NA,NA,NA
21071,2025,21071,0,21071,NA,NA,NA
21072,2015,21072,0,21072,NA,NA,NA
21072,2016,21072,0,21072,NA,NA,NA
21072,2017,21072,0,21072,NA,NA,NA
21072,2018,21072,0,21072,NA,NA,NA
21072,2019,21072,0,21072,NA,NA,NA
21072,2020,21072,1,21072,NA,NA,NA
21072,2021,21072,0,21072,NA,NA,NA
21072,2022,21072,0,21072,NA,NA,NA
21072,2023,21072,0,21072,NA,NA,NA
21072,2024,21072,0,21072,NA,NA,NA
21072,2025,21072,1,21072,NA,NA,NA
21073,2015,21073,0,21073,NA,NA,NA
21073,2016,21073,0,21073,NA,NA,NA
21073,2017,21073,0,21073,NA,NA,NA
21073,2018,21073,0,21073,NA,NA,NA
21073,2019,21073,0,21073,NA,NA,NA
21073,2020,21073,0,21073,NA,NA,NA
21073,2021,21073,0,21073,NA,NA,NA
21073,2022,21073,0,21073,NA,NA,NA
21073,2023,21073,0,21073,NA,NA,NA
21073,2024,21073,0,21073,NA,NA,NA
21073,2025,21073,0,21073,NA,NA,NA
21074,2015,21074,0,21074,NA,NA,NA
21074,2016,21074,0,21074,NA,NA,NA
21074,2017,21074,1,21074,NA,NA,NA
21074,2018,21074,1,21074,NA,NA,NA
21074,2019,21074,1,21074,NA,NA,NA
21074,2020,21074,1,21074,NA,NA,NA
21074,2021,21074,0,21074,NA,NA,NA
21074,2022,21074,0,21074,NA,NA,NA
21074,2023,21074,1,21074,NA,NA,NA
21074,2024,21074,1,21074,NA,NA,NA
21074,2025,21074,0,21074,NA,NA,NA
21075,2015,21075,0,21075,NA,NA,NA
21075,2016,21075,0,21075,NA,NA,NA
21075,2017,21075,0,21075,NA,NA,NA
21075,2018,21075,0,21075,NA,NA,NA
21075,2019,21075,0,21075,NA,NA,NA
21075,2020,21075,0,21075,NA,NA,NA
21075,2021,21075,0,21075,NA,NA,NA
21075,2022,21075,0,21075,NA,NA,NA
21075,2023,21075,0,21075,NA,NA,NA
21075,2024,21075,0,21075,NA,NA,NA
21075,2025,21075,0,21075,NA,NA,NA
21076,2015,21076,0,21076,NA,NA,NA
21076,2016,21076,0,21076,NA,NA,NA
21076,2017,21076,0,21076,NA,NA,NA
21076,2018,21076,0,21076,NA,NA,NA
21076,2019,21076,0,21076,NA,NA,NA
21076,2020,21076,0,21076,NA,NA,NA
21076,2021,21076,2,21076,NA,NA,NA
21076,2022,21076,0,21076,NA,NA,NA
21076,2023,21076,1,21076,NA,NA,NA
21076,2024,21076,0,21076,NA,NA,NA
21076,2025,21076,0,21076,NA,NA,NA
21077,2015,21077,0,21077,NA,NA,NA
21077,2016,21077,0,21077,NA,NA,NA
21077,2017,21077,0,21077,NA,NA,NA
21077,2018,21077,0,21077,NA,NA,NA
21077,2019,21077,0,21077,NA,NA,NA
21077,2020,21077,0,21077,NA,NA,NA
21077,2021,21077,0,21077,NA,NA,NA
21077,2022,21077,0,21077,NA,NA,NA
21077,2023,21077,0,21077,NA,NA,NA
21077,2024,21077,0,21077,NA,NA,NA
21077,2025,21077,0,21077,NA,NA,NA
21078,2015,21078,0,21078,NA,NA,NA
21078,2016,21078,0,21078,NA,NA,NA
21078,2017,21078,0,21078,NA,NA,NA
21078,2018,21078,0,21078,NA,NA,NA
21078,2019,21078,1,21078,NA,NA,NA
21078,2020,21078,0,21078,NA,NA,NA
21078,2021,21078,0,21078,NA,NA,NA
21078,2022,21078,0,21078,NA,NA,NA
21078,2023,21078,0,21078,NA,NA,NA
21078,2024,21078,0,21078,NA,NA,NA
21078,2025,21078,0,21078,NA,NA,NA
21079,2015,21079,0,21079,NA,NA,NA
21079,2016,21079,0,21079,NA,NA,NA
21079,2017,21079,0,21079,NA,NA,NA
21079,2018,21079,0,21079,NA,NA,NA
21079,2019,21079,0,21079,NA,NA,NA
21079,2020,21079,0,21079,NA,NA,NA
21079,2021,21079,0,21079,NA,NA,NA
21079,2022,21079,0,21079,NA,NA,NA
21079,2023,21079,0,21079,NA,NA,NA
21079,2024,21079,0,21079,NA,NA,NA
21079,2025,21079,0,21079,NA,NA,NA
21080,2015,21080,0,21080,NA,NA,NA
21080,2016,21080,0,21080,NA,NA,NA
21080,2017,21080,0,21080,NA,NA,NA
21080,2018,21080,0,21080,NA,NA,NA
21080,2019,21080,0,21080,NA,NA,NA
21080,2020,21080,0,21080,NA,NA,NA
21080,2021,21080,0,21080,NA,NA,NA
21080,2022,21080,0,21080,NA,NA,NA
21080,2023,21080,0,21080,NA,NA,NA
21080,2024,21080,0,21080,NA,NA,NA
21080,2025,21080,0,21080,NA,NA,NA
21081,2015,21081,0,21081,NA,NA,NA
21081,2016,21081,0,21081,NA,NA,NA
21081,2017,21081,0,21081,NA,NA,NA
21081,2018,21081,0,21081,NA,NA,NA
21081,2019,21081,0,21081,NA,NA,NA
21081,2020,21081,0,21081,NA,NA,NA
21081,2021,21081,0,21081,NA,NA,NA
21081,2022,21081,0,21081,NA,NA,NA
21081,2023,21081,0,21081,NA,NA,NA
21081,2024,21081,0,21081,NA,NA,NA
21081,2025,21081,0,21081,NA,NA,NA
21082,2015,21082,0,21082,NA,NA,NA
21082,2016,21082,0,21082,NA,NA,NA
21082,2017,21082,0,21082,NA,NA,NA
21082,2018,21082,0,21082,NA,NA,NA
21082,2019,21082,0,21082,NA,NA,NA
21082,2020,21082,0,21082,NA,NA,NA
21082,2021,21082,0,21082,NA,NA,NA
21082,2022,21082,0,21082,NA,NA,NA
21082,2023,21082,0,21082,NA,NA,NA
21082,2024,21082,0,21082,NA,NA,NA
21082,2025,21082,0,21082,NA,NA,NA
21083,2015,21083,0,21083,NA,NA,NA
21083,2016,21083,0,21083,NA,NA,NA
21083,2017,21083,0,21083,NA,NA,NA
21083,2018,21083,0,21083,NA,NA,NA
21083,2019,21083,0,21083,NA,NA,NA
21083,2020,21083,0,21083,NA,NA,NA
21083,2021,21083,0,21083,NA,NA,NA
21083,2022,21083,0,21083,NA,NA,NA
21083,2023,21083,1,21083,NA,NA,NA
21083,2024,21083,1,21083,NA,NA,NA
21083,2025,21083,0,21083,NA,NA,NA
21084,2015,21084,0,21084,NA,NA,NA
21084,2016,21084,0,21084,NA,NA,NA
21084,2017,21084,0,21084,NA,NA,NA
21084,2018,21084,0,21084,NA,NA,NA
21084,2019,21084,0,21084,NA,NA,NA
21084,2020,21084,0,21084,NA,NA,NA
21084,2021,21084,0,21084,NA,NA,NA
21084,2022,21084,0,21084,NA,NA,NA
21084,2023,21084,0,21084,NA,NA,NA
21084,2024,21084,0,21084,NA,NA,NA
21084,2025,21084,0,21084,NA,NA,NA
21085,2015,21085,0,21085,NA,NA,NA
21085,2016,21085,0,21085,NA,NA,NA
21085,2017,21085,0,21085,NA,NA,NA
21085,2018,21085,1,21085,NA,NA,NA
21085,2019,21085,1,21085,NA,NA,NA
21085,2020,21085,2,21085,NA,NA,NA
21085,2021,21085,0,21085,NA,NA,NA
21085,2022,21085,0,21085,NA,NA,NA
21085,2023,21085,0,21085,NA,NA,NA
21085,2024,21085,1,21085,NA,NA,NA
21085,2025,21085,0,21085,NA,NA,NA
21086,2015,21086,0,21086,NA,NA,NA
21086,2016,21086,0,21086,NA,NA,NA
21086,2017,21086,0,21086,NA,NA,NA
21086,2018,21086,0,21086,NA,NA,NA
21086,2019,21086,0,21086,NA,NA,NA
21086,2020,21086,0,21086,NA,NA,NA
21086,2021,21086,0,21086,NA,NA,NA
21086,2022,21086,0,21086,NA,NA,NA
21086,2023,21086,1,21086,NA,NA,NA
21086,2024,21086,0,21086,NA,NA,NA
21086,2025,21086,0,21086,NA,NA,NA
21087,2015,21087,0,21087,NA,NA,NA
21087,2016,21087,0,21087,NA,NA,NA
21087,2017,21087,0,21087,NA,NA,NA
21087,2018,21087,0,21087,NA,NA,NA
21087,2019,21087,0,21087,NA,NA,NA
21087,2020,21087,0,21087,NA,NA,NA
21087,2021,21087,0,21087,NA,NA,NA
21087,2022,21087,0,21087,NA,NA,NA
21087,2023,21087,0,21087,NA,NA,NA
21087,2024,21087,0,21087,NA,NA,NA
21087,2025,21087,0,21087,NA,NA,NA
21088,2015,21088,0,21088,NA,NA,NA
21088,2016,21088,0,21088,NA,NA,NA
21088,2017,21088,0,21088,NA,NA,NA
21088,2018,21088,0,21088,NA,NA,NA
21088,2019,21088,0,21088,NA,NA,NA
21088,2020,21088,0,21088,NA,NA,NA
21088,2021,21088,0,21088,NA,NA,NA
21088,2022,21088,0,21088,NA,NA,NA
21088,2023,21088,0,21088,NA,NA,NA
21088,2024,21088,0,21088,NA,NA,NA
21088,2025,21088,0,21088,NA,NA,NA
21089,2015,21089,0,21089,NA,NA,NA
21089,2016,21089,0,21089,NA,NA,NA
21089,2017,21089,0,21089,NA,NA,NA
21089,2018,21089,0,21089,NA,NA,NA
21089,2019,21089,0,21089,NA,NA,NA
21089,2020,21089,0,21089,NA,NA,NA
21089,2021,21089,0,21089,NA,NA,NA
21089,2022,21089,0,21089,NA,NA,NA
21089,2023,21089,0,21089,NA,NA,NA
21089,2024,21089,0,21089,NA,NA,NA
21089,2025,21089,0,21089,NA,NA,NA
21090,2015,21090,0,21090,NA,NA,NA
21090,2016,21090,0,21090,NA,NA,NA
21090,2017,21090,0,21090,NA,NA,NA
21090,2018,21090,0,21090,NA,NA,NA
21090,2019,21090,0,21090,NA,NA,NA
21090,2020,21090,0,21090,NA,NA,NA
21090,2021,21090,0,21090,NA,NA,NA
21090,2022,21090,0,21090,NA,NA,NA
21090,2023,21090,0,21090,NA,NA,NA
21090,2024,21090,0,21090,NA,NA,NA
21090,2025,21090,0,21090,NA,NA,NA
21091,2015,21091,0,21091,NA,NA,NA
21091,2016,21091,0,21091,NA,NA,NA
21091,2017,21091,0,21091,NA,NA,NA
21091,2018,21091,0,21091,NA,NA,NA
21091,2019,21091,0,21091,NA,NA,NA
21091,2020,21091,0,21091,NA,NA,NA
21091,2021,21091,0,21091,NA,NA,NA
21091,2022,21091,0,21091,NA,NA,NA
21091,2023,21091,0,21091,NA,NA,NA
21091,2024,21091,0,21091,NA,NA,NA
21091,2025,21091,0,21091,NA,NA,NA
21092,2015,21092,0,21092,NA,NA,NA
21092,2016,21092,0,21092,NA,NA,NA
21092,2017,21092,0,21092,NA,NA,NA
21092,2018,21092,0,21092,NA,NA,NA
21092,2019,21092,0,21092,NA,NA,NA
21092,2020,21092,0,21092,NA,NA,NA
21092,2021,21092,0,21092,NA,NA,NA
21092,2022,21092,0,21092,NA,NA,NA
21092,2023,21092,0,21092,NA,NA,NA
21092,2024,21092,0,21092,NA,NA,NA
21092,2025,21092,0,21092,NA,NA,NA
21093,2015,21093,0,21093,NA,NA,NA
21093,2016,21093,0,21093,NA,NA,NA
21093,2017,21093,0,21093,NA,NA,NA
21093,2018,21093,0,21093,NA,NA,NA
21093,2019,21093,0,21093,NA,NA,NA
21093,2020,21093,0,21093,NA,NA,NA
21093,2021,21093,0,21093,NA,NA,NA
21093,2022,21093,0,21093,NA,NA,NA
21093,2023,21093,0,21093,NA,NA,NA
21093,2024,21093,0,21093,NA,NA,NA
21093,2025,21093,0,21093,NA,NA,NA
21094,2015,21094,0,21094,NA,NA,NA
21094,2016,21094,0,21094,NA,NA,NA
21094,2017,21094,0,21094,NA,NA,NA
21094,2018,21094,0,21094,NA,NA,NA
21094,2019,21094,1,21094,NA,NA,NA
21094,2020,21094,0,21094,NA,NA,NA
21094,2021,21094,0,21094,NA,NA,NA
21094,2022,21094,0,21094,NA,NA,NA
21094,2023,21094,0,21094,NA,NA,NA
21094,2024,21094,0,21094,NA,NA,NA
21094,2025,21094,0,21094,NA,NA,NA
21095,2015,21095,0,21095,NA,NA,NA
21095,2016,21095,0,21095,NA,NA,NA
21095,2017,21095,0,21095,NA,NA,NA
21095,2018,21095,0,21095,NA,NA,NA
21095,2019,21095,0,21095,NA,NA,NA
21095,2020,21095,0,21095,NA,NA,NA
21095,2021,21095,0,21095,NA,NA,NA
21095,2022,21095,0,21095,NA,NA,NA
21095,2023,21095,0,21095,NA,NA,NA
21095,2024,21095,0,21095,NA,NA,NA
21095,2025,21095,0,21095,NA,NA,NA
21096,2015,21096,0,21096,NA,NA,NA
21096,2016,21096,0,21096,NA,NA,NA
21096,2017,21096,0,21096,NA,NA,NA
21096,2018,21096,0,21096,NA,NA,NA
21096,2019,21096,0,21096,NA,NA,NA
21096,2020,21096,0,21096,NA,NA,NA
21096,2021,21096,0,21096,NA,NA,NA
21096,2022,21096,0,21096,NA,NA,NA
21096,2023,21096,0,21096,NA,NA,NA
21096,2024,21096,0,21096,NA,NA,NA
21096,2025,21096,0,21096,NA,NA,NA
21097,2015,21097,0,21097,NA,NA,NA
21097,2016,21097,0,21097,NA,NA,NA
21097,2017,21097,0,21097,NA,NA,NA
21097,2018,21097,0,21097,NA,NA,NA
21097,2019,21097,0,21097,NA,NA,NA
21097,2020,21097,0,21097,NA,NA,NA
21097,2021,21097,0,21097,NA,NA,NA
21097,2022,21097,0,21097,NA,NA,NA
21097,2023,21097,0,21097,NA,NA,NA
21097,2024,21097,0,21097,NA,NA,NA
21097,2025,21097,0,21097,NA,NA,NA
21098,2015,21098,0,21098,NA,NA,NA
21098,2016,21098,0,21098,NA,NA,NA
21098,2017,21098,1,21098,NA,NA,NA
21098,2018,21098,0,21098,NA,NA,NA
21098,2019,21098,0,21098,NA,NA,NA
21098,2020,21098,0,21098,NA,NA,NA
21098,2021,21098,0,21098,NA,NA,NA
21098,2022,21098,0,21098,NA,NA,NA
21098,2023,21098,0,21098,NA,NA,NA
21098,2024,21098,0,21098,NA,NA,NA
21098,2025,21098,0,21098,NA,NA,NA
21099,2015,21099,0,21099,NA,NA,NA
21099,2016,21099,0,21099,NA,NA,NA
21099,2017,21099,0,21099,NA,NA,NA
21099,2018,21099,0,21099,NA,NA,NA
21099,2019,21099,3,21099,NA,NA,NA
21099,2020,21099,1,21099,NA,NA,NA
21099,2021,21099,0,21099,NA,NA,NA
21099,2022,21099,0,21099,NA,NA,NA
21099,2023,21099,0,21099,NA,NA,NA
21099,2024,21099,0,21099,NA,NA,NA
21099,2025,21099,0,21099,NA,NA,NA
21100,2015,21100,0,21100,NA,NA,NA
21100,2016,21100,0,21100,NA,NA,NA
21100,2017,21100,0,21100,NA,NA,NA
21100,2018,21100,1,21100,NA,NA,NA
21100,2019,21100,0,21100,NA,NA,NA
21100,2020,21100,0,21100,NA,NA,NA
21100,2021,21100,0,21100,NA,NA,NA
21100,2022,21100,0,21100,NA,NA,NA
21100,2023,21100,0,21100,NA,NA,NA
21100,2024,21100,0,21100,NA,NA,NA
21100,2025,21100,0,21100,NA,NA,NA
21101,2015,21101,0,21101,NA,NA,NA
21101,2016,21101,0,21101,NA,NA,NA
21101,2017,21101,0,21101,NA,NA,NA
21101,2018,21101,0,21101,NA,NA,NA
21101,2019,21101,0,21101,NA,NA,NA
21101,2020,21101,0,21101,NA,NA,NA
21101,2021,21101,0,21101,NA,NA,NA
21101,2022,21101,0,21101,NA,NA,NA
21101,2023,21101,0,21101,NA,NA,NA
21101,2024,21101,0,21101,NA,NA,NA
21101,2025,21101,0,21101,NA,NA,NA
21102,2015,21102,0,21102,NA,NA,NA
21102,2016,21102,0,21102,NA,NA,NA
21102,2017,21102,0,21102,NA,NA,NA
21102,2018,21102,0,21102,NA,NA,NA
21102,2019,21102,0,21102,NA,NA,NA
21102,2020,21102,1,21102,NA,NA,NA
21102,2021,21102,0,21102,NA,NA,NA
21102,2022,21102,0,21102,NA,NA,NA
21102,2023,21102,0,21102,NA,NA,NA
21102,2024,21102,0,21102,NA,NA,NA
21102,2025,21102,0,21102,NA,NA,NA
21103,2015,21103,0,21103,NA,NA,NA
21103,2016,21103,0,21103,NA,NA,NA
21103,2017,21103,0,21103,NA,NA,NA
21103,2018,21103,0,21103,NA,NA,NA
21103,2019,21103,1,21103,NA,NA,NA
21103,2020,21103,0,21103,NA,NA,NA
21103,2021,21103,0,21103,NA,NA,NA
21103,2022,21103,0,21103,NA,NA,NA
21103,2023,21103,0,21103,NA,NA,NA
21103,2024,21103,0,21103,NA,NA,NA
21103,2025,21103,0,21103,NA,NA,NA
21104,2015,21104,0,21104,NA,NA,NA
21104,2016,21104,0,21104,NA,NA,NA
21104,2017,21104,0,21104,NA,NA,NA
21104,2018,21104,0,21104,NA,NA,NA
21104,2019,21104,0,21104,NA,NA,NA
21104,2020,21104,0,21104,NA,NA,NA
21104,2021,21104,0,21104,NA,NA,NA
21104,2022,21104,1,21104,NA,NA,NA
21104,2023,21104,0,21104,NA,NA,NA
21104,2024,21104,0,21104,NA,NA,NA
21104,2025,21104,0,21104,NA,NA,NA
21105,2015,21105,0,21105,NA,NA,NA
21105,2016,21105,0,21105,NA,NA,NA
21105,2017,21105,0,21105,NA,NA,NA
21105,2018,21105,0,21105,NA,NA,NA
21105,2019,21105,0,21105,NA,NA,NA
21105,2020,21105,0,21105,NA,NA,NA
21105,2021,21105,0,21105,NA,NA,NA
21105,2022,21105,0,21105,NA,NA,NA
21105,2023,21105,0,21105,NA,NA,NA
21105,2024,21105,0,21105,NA,NA,NA
21105,2025,21105,0,21105,NA,NA,NA
21106,2015,21106,0,21106,NA,NA,NA
21106,2016,21106,0,21106,NA,NA,NA
21106,2017,21106,0,21106,NA,NA,NA
21106,2018,21106,1,21106,NA,NA,NA
21106,2019,21106,1,21106,NA,NA,NA
21106,2020,21106,1,21106,NA,NA,NA
21106,2021,21106,0,21106,NA,NA,NA
21106,2022,21106,0,21106,NA,NA,NA
21106,2023,21106,0,21106,NA,NA,NA
21106,2024,21106,0,21106,NA,NA,NA
21106,2025,21106,1,21106,NA,NA,NA
21107,2015,21107,0,21107,NA,NA,NA
21107,2016,21107,0,21107,NA,NA,NA
21107,2017,21107,0,21107,NA,NA,NA
21107,2018,21107,0,21107,NA,NA,NA
21107,2019,21107,0,21107,NA,NA,NA
21107,2020,21107,0,21107,NA,NA,NA
21107,2021,21107,0,21107,NA,NA,NA
21107,2022,21107,0,21107,NA,NA,NA
21107,2023,21107,0,21107,NA,NA,NA
21107,2024,21107,0,21107,NA,NA,NA
21107,2025,21107,0,21107,NA,NA,NA
21108,2015,21108,0,21108,NA,NA,NA
21108,2016,21108,0,21108,NA,NA,NA
21108,2017,21108,0,21108,NA,NA,NA
21108,2018,21108,0,21108,NA,NA,NA
21108,2019,21108,0,21108,NA,NA,NA
21108,2020,21108,0,21108,NA,NA,NA
21108,2021,21108,0,21108,NA,NA,NA
21108,2022,21108,0,21108,NA,NA,NA
21108,2023,21108,0,21108,NA,NA,NA
21108,2024,21108,0,21108,NA,NA,NA
21108,2025,21108,1,21108,NA,NA,NA
21109,2015,21109,0,21109,NA,NA,NA
21109,2016,21109,0,21109,NA,NA,NA
21109,2017,21109,0,21109,NA,NA,NA
21109,2018,21109,0,21109,NA,NA,NA
21109,2019,21109,0,21109,NA,NA,NA
21109,2020,21109,0,21109,NA,NA,NA
21109,2021,21109,0,21109,NA,NA,NA
21109,2022,21109,0,21109,NA,NA,NA
21109,2023,21109,1,21109,NA,NA,NA
21109,2024,21109,0,21109,NA,NA,NA
21109,2025,21109,0,21109,NA,NA,NA
21110,2015,21110,0,21110,NA,NA,NA
21110,2016,21110,0,21110,NA,NA,NA
21110,2017,21110,0,21110,NA,NA,NA
21110,2018,21110,0,21110,NA,NA,NA
21110,2019,21110,0,21110,NA,NA,NA
21110,2020,21110,2,21110,NA,NA,NA
21110,2021,21110,1,21110,NA,NA,NA
21110,2022,21110,0,21110,NA,NA,NA
21110,2023,21110,0,21110,NA,NA,NA
21110,2024,21110,0,21110,NA,NA,NA
21110,2025,21110,0,21110,NA,NA,NA
21111,2015,21111,0,21111,NA,NA,NA
21111,2016,21111,0,21111,NA,NA,NA
21111,2017,21111,0,21111,NA,NA,NA
21111,2018,21111,0,21111,NA,NA,NA
21111,2019,21111,0,21111,NA,NA,NA
21111,2020,21111,0,21111,NA,NA,NA
21111,2021,21111,0,21111,NA,NA,NA
21111,2022,21111,0,21111,NA,NA,NA
21111,2023,21111,0,21111,NA,NA,NA
21111,2024,21111,0,21111,NA,NA,NA
21111,2025,21111,0,21111,NA,NA,NA
21112,2015,21112,0,21112,NA,NA,NA
21112,2016,21112,0,21112,NA,NA,NA
21112,2017,21112,0,21112,NA,NA,NA
21112,2018,21112,0,21112,NA,NA,NA
21112,2019,21112,0,21112,NA,NA,NA
21112,2020,21112,0,21112,NA,NA,NA
21112,2021,21112,0,21112,NA,NA,NA
21112,2022,21112,0,21112,NA,NA,NA
21112,2023,21112,0,21112,NA,NA,NA
21112,2024,21112,0,21112,NA,NA,NA
21112,2025,21112,0,21112,NA,NA,NA
21113,2015,21113,0,21113,NA,NA,NA
21113,2016,21113,0,21113,NA,NA,NA
21113,2017,21113,0,21113,NA,NA,NA
21113,2018,21113,0,21113,NA,NA,NA
21113,2019,21113,0,21113,NA,NA,NA
21113,2020,21113,0,21113,NA,NA,NA
21113,2021,21113,0,21113,NA,NA,NA
21113,2022,21113,0,21113,NA,NA,NA
21113,2023,21113,0,21113,NA,NA,NA
21113,2024,21113,0,21113,NA,NA,NA
21113,2025,21113,0,21113,NA,NA,NA
21114,2015,21114,5,21114,NA,NA,NA
21114,2016,21114,9,21114,NA,NA,NA
21114,2017,21114,6,21114,NA,NA,NA
21114,2018,21114,7,21114,NA,NA,NA
21114,2019,21114,11,21114,NA,NA,NA
21114,2020,21114,8,21114,NA,NA,NA
21114,2021,21114,13,21114,NA,NA,NA
21114,2022,21114,4,21114,NA,NA,NA
21114,2023,21114,12,21114,NA,NA,NA
21114,2024,21114,9,21114,NA,NA,NA
21114,2025,21114,2,21114,NA,NA,NA
21115,2015,21115,0,21115,NA,NA,NA
21115,2016,21115,0,21115,NA,NA,NA
21115,2017,21115,1,21115,NA,NA,NA
21115,2018,21115,0,21115,NA,NA,NA
21115,2019,21115,1,21115,NA,NA,NA
21115,2020,21115,0,21115,NA,NA,NA
21115,2021,21115,0,21115,NA,NA,NA
21115,2022,21115,0,21115,NA,NA,NA
21115,2023,21115,0,21115,NA,NA,NA
21115,2024,21115,0,21115,NA,NA,NA
21115,2025,21115,0,21115,NA,NA,NA
21116,2015,21116,0,21116,NA,NA,NA
21116,2016,21116,0,21116,NA,NA,NA
21116,2017,21116,0,21116,NA,NA,NA
21116,2018,21116,0,21116,NA,NA,NA
21116,2019,21116,0,21116,NA,NA,NA
21116,2020,21116,0,21116,NA,NA,NA
21116,2021,21116,0,21116,NA,NA,NA
21116,2022,21116,0,21116,NA,NA,NA
21116,2023,21116,0,21116,NA,NA,NA
21116,2024,21116,0,21116,NA,NA,NA
21116,2025,21116,0,21116,NA,NA,NA
21117,2015,21117,0,21117,NA,NA,NA
21117,2016,21117,0,21117,NA,NA,NA
21117,2017,21117,0,21117,NA,NA,NA
21117,2018,21117,0,21117,NA,NA,NA
21117,2019,21117,1,21117,NA,NA,NA
21117,2020,21117,0,21117,NA,NA,NA
21117,2021,21117,0,21117,NA,NA,NA
21117,2022,21117,0,21117,NA,NA,NA
21117,2023,21117,0,21117,NA,NA,NA
21117,2024,21117,0,21117,NA,NA,NA
21117,2025,21117,0,21117,NA,NA,NA
21118,2015,21118,0,21118,NA,NA,NA
21118,2016,21118,0,21118,NA,NA,NA
21118,2017,21118,0,21118,NA,NA,NA
21118,2018,21118,0,21118,NA,NA,NA
21118,2019,21118,0,21118,NA,NA,NA
21118,2020,21118,0,21118,NA,NA,NA
21118,2021,21118,0,21118,NA,NA,NA
21118,2022,21118,0,21118,NA,NA,NA
21118,2023,21118,0,21118,NA,NA,NA
21118,2024,21118,0,21118,NA,NA,NA
21118,2025,21118,0,21118,NA,NA,NA
21119,2015,21119,0,21119,NA,NA,NA
21119,2016,21119,0,21119,NA,NA,NA
21119,2017,21119,0,21119,NA,NA,NA
21119,2018,21119,1,21119,NA,NA,NA
21119,2019,21119,1,21119,NA,NA,NA
21119,2020,21119,1,21119,NA,NA,NA
21119,2021,21119,0,21119,NA,NA,NA
21119,2022,21119,0,21119,NA,NA,NA
21119,2023,21119,0,21119,NA,NA,NA
21119,2024,21119,2,21119,NA,NA,NA
21119,2025,21119,0,21119,NA,NA,NA
21120,2015,21120,0,21120,NA,NA,NA
21120,2016,21120,0,21120,NA,NA,NA
21120,2017,21120,0,21120,NA,NA,NA
21120,2018,21120,0,21120,NA,NA,NA
21120,2019,21120,0,21120,NA,NA,NA
21120,2020,21120,0,21120,NA,NA,NA
21120,2021,21120,0,21120,NA,NA,NA
21120,2022,21120,0,21120,NA,NA,NA
21120,2023,21120,0,21120,NA,NA,NA
21120,2024,21120,0,21120,NA,NA,NA
21120,2025,21120,0,21120,NA,NA,NA
21121,2015,21121,0,21121,NA,NA,NA
21121,2016,21121,0,21121,NA,NA,NA
21121,2017,21121,0,21121,NA,NA,NA
21121,2018,21121,0,21121,NA,NA,NA
21121,2019,21121,0,21121,NA,NA,NA
21121,2020,21121,0,21121,NA,NA,NA
21121,2021,21121,0,21121,NA,NA,NA
21121,2022,21121,0,21121,NA,NA,NA
21121,2023,21121,0,21121,NA,NA,NA
21121,2024,21121,0,21121,NA,NA,NA
21121,2025,21121,0,21121,NA,NA,NA
21122,2015,21122,0,21122,NA,NA,NA
21122,2016,21122,0,21122,NA,NA,NA
21122,2017,21122,0,21122,NA,NA,NA
21122,2018,21122,0,21122,NA,NA,NA
21122,2019,21122,0,21122,NA,NA,NA
21122,2020,21122,0,21122,NA,NA,NA
21122,2021,21122,0,21122,NA,NA,NA
21122,2022,21122,0,21122,NA,NA,NA
21122,2023,21122,0,21122,NA,NA,NA
21122,2024,21122,0,21122,NA,NA,NA
21122,2025,21122,0,21122,NA,NA,NA
21123,2015,21123,0,21123,NA,NA,NA
21123,2016,21123,0,21123,NA,NA,NA
21123,2017,21123,0,21123,NA,NA,NA
21123,2018,21123,0,21123,NA,NA,NA
21123,2019,21123,1,21123,NA,NA,NA
21123,2020,21123,0,21123,NA,NA,NA
21123,2021,21123,0,21123,NA,NA,NA
21123,2022,21123,0,21123,NA,NA,NA
21123,2023,21123,0,21123,NA,NA,NA
21123,2024,21123,0,21123,NA,NA,NA
21123,2025,21123,0,21123,NA,NA,NA
21124,2015,21124,0,21124,NA,NA,NA
21124,2016,21124,0,21124,NA,NA,NA
21124,2017,21124,0,21124,NA,NA,NA
21124,2018,21124,0,21124,NA,NA,NA
21124,2019,21124,0,21124,NA,NA,NA
21124,2020,21124,0,21124,NA,NA,NA
21124,2021,21124,0,21124,NA,NA,NA
21124,2022,21124,0,21124,NA,NA,NA
21124,2023,21124,0,21124,NA,NA,NA
21124,2024,21124,0,21124,NA,NA,NA
21124,2025,21124,0,21124,NA,NA,NA
21125,2015,21125,0,21125,NA,NA,NA
21125,2016,21125,0,21125,NA,NA,NA
21125,2017,21125,0,21125,NA,NA,NA
21125,2018,21125,0,21125,NA,NA,NA
21125,2019,21125,0,21125,NA,NA,NA
21125,2020,21125,0,21125,NA,NA,NA
21125,2021,21125,0,21125,NA,NA,NA
21125,2022,21125,0,21125,NA,NA,NA
21125,2023,21125,0,21125,NA,NA,NA
21125,2024,21125,0,21125,NA,NA,NA
21125,2025,21125,0,21125,NA,NA,NA
21126,2015,21126,0,21126,NA,NA,NA
21126,2016,21126,0,21126,NA,NA,NA
21126,2017,21126,1,21126,NA,NA,NA
21126,2018,21126,0,21126,NA,NA,NA
21126,2019,21126,0,21126,NA,NA,NA
21126,2020,21126,0,21126,NA,NA,NA
21126,2021,21126,0,21126,NA,NA,NA
21126,2022,21126,0,21126,NA,NA,NA
21126,2023,21126,0,21126,NA,NA,NA
21126,2024,21126,0,21126,NA,NA,NA
21126,2025,21126,0,21126,NA,NA,NA
21127,2015,21127,0,21127,NA,NA,NA
21127,2016,21127,0,21127,NA,NA,NA
21127,2017,21127,0,21127,NA,NA,NA
21127,2018,21127,0,21127,NA,NA,NA
21127,2019,21127,0,21127,NA,NA,NA
21127,2020,21127,0,21127,NA,NA,NA
21127,2021,21127,0,21127,NA,NA,NA
21127,2022,21127,0,21127,NA,NA,NA
21127,2023,21127,0,21127,NA,NA,NA
21127,2024,21127,0,21127,NA,NA,NA
21127,2025,21127,0,21127,NA,NA,NA
21128,2015,21128,0,21128,NA,NA,NA
21128,2016,21128,0,21128,NA,NA,NA
21128,2017,21128,0,21128,NA,NA,NA
21128,2018,21128,0,21128,NA,NA,NA
21128,2019,21128,0,21128,NA,NA,NA
21128,2020,21128,0,21128,NA,NA,NA
21128,2021,21128,0,21128,NA,NA,NA
21128,2022,21128,0,21128,NA,NA,NA
21128,2023,21128,0,21128,NA,NA,NA
21128,2024,21128,0,21128,NA,NA,NA
21128,2025,21128,0,21128,NA,NA,NA
21129,2015,21129,0,21129,NA,NA,NA
21129,2016,21129,0,21129,NA,NA,NA
21129,2017,21129,0,21129,NA,NA,NA
21129,2018,21129,0,21129,NA,NA,NA
21129,2019,21129,0,21129,NA,NA,NA
21129,2020,21129,0,21129,NA,NA,NA
21129,2021,21129,0,21129,NA,NA,NA
21129,2022,21129,0,21129,NA,NA,NA
21129,2023,21129,0,21129,NA,NA,NA
21129,2024,21129,0,21129,NA,NA,NA
21129,2025,21129,0,21129,NA,NA,NA
21130,2015,21130,0,21130,NA,NA,NA
21130,2016,21130,0,21130,NA,NA,NA
21130,2017,21130,0,21130,NA,NA,NA
21130,2018,21130,0,21130,NA,NA,NA
21130,2019,21130,0,21130,NA,NA,NA
21130,2020,21130,0,21130,NA,NA,NA
21130,2021,21130,0,21130,NA,NA,NA
21130,2022,21130,0,21130,NA,NA,NA
21130,2023,21130,0,21130,NA,NA,NA
21130,2024,21130,0,21130,NA,NA,NA
21130,2025,21130,0,21130,NA,NA,NA
21131,2015,21131,0,21131,NA,NA,NA
21131,2016,21131,0,21131,NA,NA,NA
21131,2017,21131,0,21131,NA,NA,NA
21131,2018,21131,0,21131,NA,NA,NA
21131,2019,21131,0,21131,NA,NA,NA
21131,2020,21131,0,21131,NA,NA,NA
21131,2021,21131,0,21131,NA,NA,NA
21131,2022,21131,0,21131,NA,NA,NA
21131,2023,21131,0,21131,NA,NA,NA
21131,2024,21131,0,21131,NA,NA,NA
21131,2025,21131,0,21131,NA,NA,NA
21132,2015,21132,0,21132,NA,NA,NA
21132,2016,21132,1,21132,NA,NA,NA
21132,2017,21132,0,21132,NA,NA,NA
21132,2018,21132,0,21132,NA,NA,NA
21132,2019,21132,2,21132,NA,NA,NA
21132,2020,21132,3,21132,NA,NA,NA
21132,2021,21132,0,21132,NA,NA,NA
21132,2022,21132,0,21132,NA,NA,NA
21132,2023,21132,2,21132,NA,NA,NA
21132,2024,21132,2,21132,NA,NA,NA
21132,2025,21132,0,21132,NA,NA,NA
21133,2015,21133,0,21133,NA,NA,NA
21133,2016,21133,0,21133,NA,NA,NA
21133,2017,21133,0,21133,NA,NA,NA
21133,2018,21133,0,21133,NA,NA,NA
21133,2019,21133,0,21133,NA,NA,NA
21133,2020,21133,0,21133,NA,NA,NA
21133,2021,21133,0,21133,NA,NA,NA
21133,2022,21133,0,21133,NA,NA,NA
21133,2023,21133,1,21133,NA,NA,NA
21133,2024,21133,0,21133,NA,NA,NA
21133,2025,21133,0,21133,NA,NA,NA
21134,2015,21134,0,21134,NA,NA,NA
21134,2016,21134,0,21134,NA,NA,NA
21134,2017,21134,0,21134,NA,NA,NA
21134,2018,21134,0,21134,NA,NA,NA
21134,2019,21134,0,21134,NA,NA,NA
21134,2020,21134,0,21134,NA,NA,NA
21134,2021,21134,0,21134,NA,NA,NA
21134,2022,21134,0,21134,NA,NA,NA
21134,2023,21134,0,21134,NA,NA,NA
21134,2024,21134,0,21134,NA,NA,NA
21134,2025,21134,0,21134,NA,NA,NA
21135,2015,21135,0,21135,NA,NA,NA
21135,2016,21135,0,21135,NA,NA,NA
21135,2017,21135,0,21135,NA,NA,NA
21135,2018,21135,0,21135,NA,NA,NA
21135,2019,21135,0,21135,NA,NA,NA
21135,2020,21135,0,21135,NA,NA,NA
21135,2021,21135,0,21135,NA,NA,NA
21135,2022,21135,0,21135,NA,NA,NA
21135,2023,21135,0,21135,NA,NA,NA
21135,2024,21135,0,21135,NA,NA,NA
21135,2025,21135,0,21135,NA,NA,NA
21136,2015,21136,0,21136,NA,NA,NA
21136,2016,21136,0,21136,NA,NA,NA
21136,2017,21136,0,21136,NA,NA,NA
21136,2018,21136,0,21136,NA,NA,NA
21136,2019,21136,0,21136,NA,NA,NA
21136,2020,21136,0,21136,NA,NA,NA
21136,2021,21136,0,21136,NA,NA,NA
21136,2022,21136,0,21136,NA,NA,NA
21136,2023,21136,0,21136,NA,NA,NA
21136,2024,21136,0,21136,NA,NA,NA
21136,2025,21136,0,21136,NA,NA,NA
21137,2015,21137,0,21137,NA,NA,NA
21137,2016,21137,0,21137,NA,NA,NA
21137,2017,21137,0,21137,NA,NA,NA
21137,2018,21137,0,21137,NA,NA,NA
21137,2019,21137,0,21137,NA,NA,NA
21137,2020,21137,0,21137,NA,NA,NA
21137,2021,21137,0,21137,NA,NA,NA
21137,2022,21137,0,21137,NA,NA,NA
21137,2023,21137,0,21137,NA,NA,NA
21137,2024,21137,0,21137,NA,NA,NA
21137,2025,21137,0,21137,NA,NA,NA
21138,2015,21138,0,21138,NA,NA,NA
21138,2016,21138,0,21138,NA,NA,NA
21138,2017,21138,0,21138,NA,NA,NA
21138,2018,21138,0,21138,NA,NA,NA
21138,2019,21138,0,21138,NA,NA,NA
21138,2020,21138,1,21138,NA,NA,NA
21138,2021,21138,0,21138,NA,NA,NA
21138,2022,21138,0,21138,NA,NA,NA
21138,2023,21138,0,21138,NA,NA,NA
21138,2024,21138,0,21138,NA,NA,NA
21138,2025,21138,0,21138,NA,NA,NA
21139,2015,21139,0,21139,NA,NA,NA
21139,2016,21139,0,21139,NA,NA,NA
21139,2017,21139,0,21139,NA,NA,NA
21139,2018,21139,0,21139,NA,NA,NA
21139,2019,21139,0,21139,NA,NA,NA
21139,2020,21139,0,21139,NA,NA,NA
21139,2021,21139,0,21139,NA,NA,NA
21139,2022,21139,0,21139,NA,NA,NA
21139,2023,21139,0,21139,NA,NA,NA
21139,2024,21139,0,21139,NA,NA,NA
21139,2025,21139,0,21139,NA,NA,NA
21140,2015,21140,0,21140,NA,NA,NA
21140,2016,21140,0,21140,NA,NA,NA
21140,2017,21140,0,21140,NA,NA,NA
21140,2018,21140,1,21140,NA,NA,NA
21140,2019,21140,0,21140,NA,NA,NA
21140,2020,21140,0,21140,NA,NA,NA
21140,2021,21140,1,21140,NA,NA,NA
21140,2022,21140,2,21140,NA,NA,NA
21140,2023,21140,0,21140,NA,NA,NA
21140,2024,21140,1,21140,NA,NA,NA
21140,2025,21140,0,21140,NA,NA,NA
21141,2015,21141,0,21141,NA,NA,NA
21141,2016,21141,0,21141,NA,NA,NA
21141,2017,21141,0,21141,NA,NA,NA
21141,2018,21141,0,21141,NA,NA,NA
21141,2019,21141,0,21141,NA,NA,NA
21141,2020,21141,0,21141,NA,NA,NA
21141,2021,21141,0,21141,NA,NA,NA
21141,2022,21141,0,21141,NA,NA,NA
21141,2023,21141,0,21141,NA,NA,NA
21141,2024,21141,0,21141,NA,NA,NA
21141,2025,21141,0,21141,NA,NA,NA
21142,2015,21142,0,21142,NA,NA,NA
21142,2016,21142,0,21142,NA,NA,NA
21142,2017,21142,0,21142,NA,NA,NA
21142,2018,21142,0,21142,NA,NA,NA
21142,2019,21142,0,21142,NA,NA,NA
21142,2020,21142,0,21142,NA,NA,NA
21142,2021,21142,0,21142,NA,NA,NA
21142,2022,21142,0,21142,NA,NA,NA
21142,2023,21142,0,21142,NA,NA,NA
21142,2024,21142,0,21142,NA,NA,NA
21142,2025,21142,0,21142,NA,NA,NA
21143,2015,21143,0,21143,NA,NA,NA
21143,2016,21143,0,21143,NA,NA,NA
21143,2017,21143,0,21143,NA,NA,NA
21143,2018,21143,0,21143,NA,NA,NA
21143,2019,21143,0,21143,NA,NA,NA
21143,2020,21143,0,21143,NA,NA,NA
21143,2021,21143,0,21143,NA,NA,NA
21143,2022,21143,0,21143,NA,NA,NA
21143,2023,21143,0,21143,NA,NA,NA
21143,2024,21143,0,21143,NA,NA,NA
21143,2025,21143,1,21143,NA,NA,NA
21144,2015,21144,0,21144,NA,NA,NA
21144,2016,21144,0,21144,NA,NA,NA
21144,2017,21144,0,21144,NA,NA,NA
21144,2018,21144,0,21144,NA,NA,NA
21144,2019,21144,0,21144,NA,NA,NA
21144,2020,21144,2,21144,NA,NA,NA
21144,2021,21144,0,21144,NA,NA,NA
21144,2022,21144,0,21144,NA,NA,NA
21144,2023,21144,0,21144,NA,NA,NA
21144,2024,21144,1,21144,NA,NA,NA
21144,2025,21144,0,21144,NA,NA,NA
21145,2015,21145,0,21145,NA,NA,NA
21145,2016,21145,0,21145,NA,NA,NA
21145,2017,21145,0,21145,NA,NA,NA
21145,2018,21145,0,21145,NA,NA,NA
21145,2019,21145,0,21145,NA,NA,NA
21145,2020,21145,0,21145,NA,NA,NA
21145,2021,21145,1,21145,NA,NA,NA
21145,2022,21145,0,21145,NA,NA,NA
21145,2023,21145,0,21145,NA,NA,NA
21145,2024,21145,0,21145,NA,NA,NA
21145,2025,21145,0,21145,NA,NA,NA
21146,2015,21146,0,21146,NA,NA,NA
21146,2016,21146,0,21146,NA,NA,NA
21146,2017,21146,0,21146,NA,NA,NA
21146,2018,21146,0,21146,NA,NA,NA
21146,2019,21146,0,21146,NA,NA,NA
21146,2020,21146,0,21146,NA,NA,NA
21146,2021,21146,0,21146,NA,NA,NA
21146,2022,21146,0,21146,NA,NA,NA
21146,2023,21146,0,21146,NA,NA,NA
21146,2024,21146,0,21146,NA,NA,NA
21146,2025,21146,0,21146,NA,NA,NA
21147,2015,21147,0,21147,NA,NA,NA
21147,2016,21147,0,21147,NA,NA,NA
21147,2017,21147,0,21147,NA,NA,NA
21147,2018,21147,0,21147,NA,NA,NA
21147,2019,21147,0,21147,NA,NA,NA
21147,2020,21147,0,21147,NA,NA,NA
21147,2021,21147,0,21147,NA,NA,NA
21147,2022,21147,0,21147,NA,NA,NA
21147,2023,21147,0,21147,NA,NA,NA
21147,2024,21147,0,21147,NA,NA,NA
21147,2025,21147,0,21147,NA,NA,NA
21148,2015,21148,0,21148,NA,NA,NA
21148,2016,21148,0,21148,NA,NA,NA
21148,2017,21148,0,21148,NA,NA,NA
21148,2018,21148,0,21148,NA,NA,NA
21148,2019,21148,0,21148,NA,NA,NA
21148,2020,21148,0,21148,NA,NA,NA
21148,2021,21148,0,21148,NA,NA,NA
21148,2022,21148,0,21148,NA,NA,NA
21148,2023,21148,0,21148,NA,NA,NA
21148,2024,21148,0,21148,NA,NA,NA
21148,2025,21148,0,21148,NA,NA,NA
21149,2015,21149,0,21149,NA,NA,NA
21149,2016,21149,0,21149,NA,NA,NA
21149,2017,21149,0,21149,NA,NA,NA
21149,2018,21149,0,21149,NA,NA,NA
21149,2019,21149,1,21149,NA,NA,NA
21149,2020,21149,0,21149,NA,NA,NA
21149,2021,21149,0,21149,NA,NA,NA
21149,2022,21149,0,21149,NA,NA,NA
21149,2023,21149,0,21149,NA,NA,NA
21149,2024,21149,0,21149,NA,NA,NA
21149,2025,21149,0,21149,NA,NA,NA
21150,2015,21150,0,21150,NA,NA,NA
21150,2016,21150,0,21150,NA,NA,NA
21150,2017,21150,0,21150,NA,NA,NA
21150,2018,21150,0,21150,NA,NA,NA
21150,2019,21150,0,21150,NA,NA,NA
21150,2020,21150,0,21150,NA,NA,NA
21150,2021,21150,0,21150,NA,NA,NA
21150,2022,21150,0,21150,NA,NA,NA
21150,2023,21150,0,21150,NA,NA,NA
21150,2024,21150,0,21150,NA,NA,NA
21150,2025,21150,0,21150,NA,NA,NA
21151,2015,21151,0,21151,NA,NA,NA
21151,2016,21151,0,21151,NA,NA,NA
21151,2017,21151,0,21151,NA,NA,NA
21151,2018,21151,0,21151,NA,NA,NA
21151,2019,21151,0,21151,NA,NA,NA
21151,2020,21151,0,21151,NA,NA,NA
21151,2021,21151,0,21151,NA,NA,NA
21151,2022,21151,0,21151,NA,NA,NA
21151,2023,21151,0,21151,NA,NA,NA
21151,2024,21151,0,21151,NA,NA,NA
21151,2025,21151,0,21151,NA,NA,NA
21152,2015,21152,0,21152,NA,NA,NA
21152,2016,21152,0,21152,NA,NA,NA
21152,2017,21152,0,21152,NA,NA,NA
21152,2018,21152,0,21152,NA,NA,NA
21152,2019,21152,0,21152,NA,NA,NA
21152,2020,21152,0,21152,NA,NA,NA
21152,2021,21152,0,21152,NA,NA,NA
21152,2022,21152,0,21152,NA,NA,NA
21152,2023,21152,0,21152,NA,NA,NA
21152,2024,21152,1,21152,NA,NA,NA
21152,2025,21152,0,21152,NA,NA,NA
21153,2015,21153,0,21153,NA,NA,NA
21153,2016,21153,0,21153,NA,NA,NA
21153,2017,21153,0,21153,NA,NA,NA
21153,2018,21153,1,21153,NA,NA,NA
21153,2019,21153,0,21153,NA,NA,NA
21153,2020,21153,1,21153,NA,NA,NA
21153,2021,21153,0,21153,NA,NA,NA
21153,2022,21153,0,21153,NA,NA,NA
21153,2023,21153,0,21153,NA,NA,NA
21153,2024,21153,0,21153,NA,NA,NA
21153,2025,21153,0,21153,NA,NA,NA
21154,2015,21154,0,21154,NA,NA,NA
21154,2016,21154,0,21154,NA,NA,NA
21154,2017,21154,0,21154,NA,NA,NA
21154,2018,21154,1,21154,NA,NA,NA
21154,2019,21154,3,21154,NA,NA,NA
21154,2020,21154,0,21154,NA,NA,NA
21154,2021,21154,3,21154,NA,NA,NA
21154,2022,21154,0,21154,NA,NA,NA
21154,2023,21154,0,21154,NA,NA,NA
21154,2024,21154,0,21154,NA,NA,NA
21154,2025,21154,0,21154,NA,NA,NA
21155,2015,21155,0,21155,NA,NA,NA
21155,2016,21155,0,21155,NA,NA,NA
21155,2017,21155,0,21155,NA,NA,NA
21155,2018,21155,0,21155,NA,NA,NA
21155,2019,21155,0,21155,NA,NA,NA
21155,2020,21155,0,21155,NA,NA,NA
21155,2021,21155,0,21155,NA,NA,NA
21155,2022,21155,0,21155,NA,NA,NA
21155,2023,21155,0,21155,NA,NA,NA
21155,2024,21155,0,21155,NA,NA,NA
21155,2025,21155,0,21155,NA,NA,NA
21156,2015,21156,0,21156,NA,NA,NA
21156,2016,21156,0,21156,NA,NA,NA
21156,2017,21156,4,21156,NA,NA,NA
21156,2018,21156,4,21156,NA,NA,NA
21156,2019,21156,1,21156,NA,NA,NA
21156,2020,21156,1,21156,NA,NA,NA
21156,2021,21156,0,21156,NA,NA,NA
21156,2022,21156,0,21156,NA,NA,NA
21156,2023,21156,0,21156,NA,NA,NA
21156,2024,21156,2,21156,NA,NA,NA
21156,2025,21156,1,21156,NA,NA,NA
21157,2015,21157,0,21157,NA,NA,NA
21157,2016,21157,0,21157,NA,NA,NA
21157,2017,21157,0,21157,NA,NA,NA
21157,2018,21157,1,21157,NA,NA,NA
21157,2019,21157,1,21157,NA,NA,NA
21157,2020,21157,0,21157,NA,NA,NA
21157,2021,21157,0,21157,NA,NA,NA
21157,2022,21157,0,21157,NA,NA,NA
21157,2023,21157,0,21157,NA,NA,NA
21157,2024,21157,0,21157,NA,NA,NA
21157,2025,21157,0,21157,NA,NA,NA
21158,2015,21158,0,21158,NA,NA,NA
21158,2016,21158,0,21158,NA,NA,NA
21158,2017,21158,0,21158,NA,NA,NA
21158,2018,21158,0,21158,NA,NA,NA
21158,2019,21158,0,21158,NA,NA,NA
21158,2020,21158,0,21158,NA,NA,NA
21158,2021,21158,0,21158,NA,NA,NA
21158,2022,21158,0,21158,NA,NA,NA
21158,2023,21158,0,21158,NA,NA,NA
21158,2024,21158,0,21158,NA,NA,NA
21158,2025,21158,0,21158,NA,NA,NA
21159,2015,21159,0,21159,NA,NA,NA
21159,2016,21159,0,21159,NA,NA,NA
21159,2017,21159,0,21159,NA,NA,NA
21159,2018,21159,0,21159,NA,NA,NA
21159,2019,21159,0,21159,NA,NA,NA
21159,2020,21159,0,21159,NA,NA,NA
21159,2021,21159,0,21159,NA,NA,NA
21159,2022,21159,0,21159,NA,NA,NA
21159,2023,21159,0,21159,NA,NA,NA
21159,2024,21159,0,21159,NA,NA,NA
21159,2025,21159,0,21159,NA,NA,NA
21160,2015,21160,0,21160,NA,NA,NA
21160,2016,21160,0,21160,NA,NA,NA
21160,2017,21160,0,21160,NA,NA,NA
21160,2018,21160,0,21160,NA,NA,NA
21160,2019,21160,0,21160,NA,NA,NA
21160,2020,21160,0,21160,NA,NA,NA
21160,2021,21160,0,21160,NA,NA,NA
21160,2022,21160,0,21160,NA,NA,NA
21160,2023,21160,0,21160,NA,NA,NA
21160,2024,21160,0,21160,NA,NA,NA
21160,2025,21160,0,21160,NA,NA,NA
21161,2015,21161,0,21161,NA,NA,NA
21161,2016,21161,0,21161,NA,NA,NA
21161,2017,21161,0,21161,NA,NA,NA
21161,2018,21161,0,21161,NA,NA,NA
21161,2019,21161,0,21161,NA,NA,NA
21161,2020,21161,0,21161,NA,NA,NA
21161,2021,21161,0,21161,NA,NA,NA
21161,2022,21161,0,21161,NA,NA,NA
21161,2023,21161,0,21161,NA,NA,NA
21161,2024,21161,0,21161,NA,NA,NA
21161,2025,21161,0,21161,NA,NA,NA
21162,2015,21162,0,21162,NA,NA,NA
21162,2016,21162,0,21162,NA,NA,NA
21162,2017,21162,0,21162,NA,NA,NA
21162,2018,21162,0,21162,NA,NA,NA
21162,2019,21162,0,21162,NA,NA,NA
21162,2020,21162,0,21162,NA,NA,NA
21162,2021,21162,0,21162,NA,NA,NA
21162,2022,21162,0,21162,NA,NA,NA
21162,2023,21162,0,21162,NA,NA,NA
21162,2024,21162,0,21162,NA,NA,NA
21162,2025,21162,0,21162,NA,NA,NA
21163,2015,21163,0,21163,NA,NA,NA
21163,2016,21163,0,21163,NA,NA,NA
21163,2017,21163,0,21163,NA,NA,NA
21163,2018,21163,0,21163,NA,NA,NA
21163,2019,21163,0,21163,NA,NA,NA
21163,2020,21163,0,21163,NA,NA,NA
21163,2021,21163,0,21163,NA,NA,NA
21163,2022,21163,0,21163,NA,NA,NA
21163,2023,21163,0,21163,NA,NA,NA
21163,2024,21163,0,21163,NA,NA,NA
21163,2025,21163,0,21163,NA,NA,NA
21164,2015,21164,0,21164,NA,NA,NA
21164,2016,21164,1,21164,NA,NA,NA
21164,2017,21164,1,21164,NA,NA,NA
21164,2018,21164,2,21164,NA,NA,NA
21164,2019,21164,1,21164,NA,NA,NA
21164,2020,21164,0,21164,NA,NA,NA
21164,2021,21164,1,21164,NA,NA,NA
21164,2022,21164,0,21164,NA,NA,NA
21164,2023,21164,0,21164,NA,NA,NA
21164,2024,21164,0,21164,NA,NA,NA
21164,2025,21164,0,21164,NA,NA,NA
21165,2015,21165,0,21165,NA,NA,NA
21165,2016,21165,0,21165,NA,NA,NA
21165,2017,21165,0,21165,NA,NA,NA
21165,2018,21165,0,21165,NA,NA,NA
21165,2019,21165,0,21165,NA,NA,NA
21165,2020,21165,0,21165,NA,NA,NA
21165,2021,21165,0,21165,NA,NA,NA
21165,2022,21165,0,21165,NA,NA,NA
21165,2023,21165,0,21165,NA,NA,NA
21165,2024,21165,0,21165,NA,NA,NA
21165,2025,21165,0,21165,NA,NA,NA
21166,2015,21166,0,21166,NA,NA,NA
21166,2016,21166,0,21166,NA,NA,NA
21166,2017,21166,0,21166,NA,NA,NA
21166,2018,21166,0,21166,NA,NA,NA
21166,2019,21166,0,21166,NA,NA,NA
21166,2020,21166,0,21166,NA,NA,NA
21166,2021,21166,0,21166,NA,NA,NA
21166,2022,21166,0,21166,NA,NA,NA
21166,2023,21166,0,21166,NA,NA,NA
21166,2024,21166,0,21166,NA,NA,NA
21166,2025,21166,0,21166,NA,NA,NA
21167,2015,21167,0,21167,NA,NA,NA
21167,2016,21167,0,21167,NA,NA,NA
21167,2017,21167,0,21167,NA,NA,NA
21167,2018,21167,0,21167,NA,NA,NA
21167,2019,21167,0,21167,NA,NA,NA
21167,2020,21167,0,21167,NA,NA,NA
21167,2021,21167,1,21167,NA,NA,NA
21167,2022,21167,0,21167,NA,NA,NA
21167,2023,21167,0,21167,NA,NA,NA
21167,2024,21167,1,21167,NA,NA,NA
21167,2025,21167,0,21167,NA,NA,NA
21168,2015,21168,0,21168,NA,NA,NA
21168,2016,21168,0,21168,NA,NA,NA
21168,2017,21168,0,21168,NA,NA,NA
21168,2018,21168,0,21168,NA,NA,NA
21168,2019,21168,0,21168,NA,NA,NA
21168,2020,21168,0,21168,NA,NA,NA
21168,2021,21168,1,21168,NA,NA,NA
21168,2022,21168,0,21168,NA,NA,NA
21168,2023,21168,0,21168,NA,NA,NA
21168,2024,21168,0,21168,NA,NA,NA
21168,2025,21168,0,21168,NA,NA,NA
21169,2015,21169,0,21169,NA,NA,NA
21169,2016,21169,0,21169,NA,NA,NA
21169,2017,21169,1,21169,NA,NA,NA
21169,2018,21169,0,21169,NA,NA,NA
21169,2019,21169,0,21169,NA,NA,NA
21169,2020,21169,0,21169,NA,NA,NA
21169,2021,21169,0,21169,NA,NA,NA
21169,2022,21169,0,21169,NA,NA,NA
21169,2023,21169,0,21169,NA,NA,NA
21169,2024,21169,0,21169,NA,NA,NA
21169,2025,21169,0,21169,NA,NA,NA
21170,2015,21170,0,21170,NA,NA,NA
21170,2016,21170,0,21170,NA,NA,NA
21170,2017,21170,0,21170,NA,NA,NA
21170,2018,21170,0,21170,NA,NA,NA
21170,2019,21170,0,21170,NA,NA,NA
21170,2020,21170,0,21170,NA,NA,NA
21170,2021,21170,0,21170,NA,NA,NA
21170,2022,21170,0,21170,NA,NA,NA
21170,2023,21170,0,21170,NA,NA,NA
21170,2024,21170,0,21170,NA,NA,NA
21170,2025,21170,0,21170,NA,NA,NA
21171,2015,21171,0,21171,NA,NA,NA
21171,2016,21171,0,21171,NA,NA,NA
21171,2017,21171,0,21171,NA,NA,NA
21171,2018,21171,0,21171,NA,NA,NA
21171,2019,21171,0,21171,NA,NA,NA
21171,2020,21171,0,21171,NA,NA,NA
21171,2021,21171,0,21171,NA,NA,NA
21171,2022,21171,0,21171,NA,NA,NA
21171,2023,21171,0,21171,NA,NA,NA
21171,2024,21171,0,21171,NA,NA,NA
21171,2025,21171,0,21171,NA,NA,NA
21172,2015,21172,0,21172,NA,NA,NA
21172,2016,21172,0,21172,NA,NA,NA
21172,2017,21172,0,21172,NA,NA,NA
21172,2018,21172,0,21172,NA,NA,NA
21172,2019,21172,0,21172,NA,NA,NA
21172,2020,21172,0,21172,NA,NA,NA
21172,2021,21172,0,21172,NA,NA,NA
21172,2022,21172,1,21172,NA,NA,NA
21172,2023,21172,0,21172,NA,NA,NA
21172,2024,21172,1,21172,NA,NA,NA
21172,2025,21172,0,21172,NA,NA,NA
21173,2015,21173,0,21173,NA,NA,NA
21173,2016,21173,0,21173,NA,NA,NA
21173,2017,21173,0,21173,NA,NA,NA
21173,2018,21173,0,21173,NA,NA,NA
21173,2019,21173,0,21173,NA,NA,NA
21173,2020,21173,0,21173,NA,NA,NA
21173,2021,21173,0,21173,NA,NA,NA
21173,2022,21173,0,21173,NA,NA,NA
21173,2023,21173,0,21173,NA,NA,NA
21173,2024,21173,0,21173,NA,NA,NA
21173,2025,21173,0,21173,NA,NA,NA
21174,2015,21174,0,21174,NA,NA,NA
21174,2016,21174,0,21174,NA,NA,NA
21174,2017,21174,0,21174,NA,NA,NA
21174,2018,21174,1,21174,NA,NA,NA
21174,2019,21174,1,21174,NA,NA,NA
21174,2020,21174,0,21174,NA,NA,NA
21174,2021,21174,0,21174,NA,NA,NA
21174,2022,21174,0,21174,NA,NA,NA
21174,2023,21174,0,21174,NA,NA,NA
21174,2024,21174,1,21174,NA,NA,NA
21174,2025,21174,0,21174,NA,NA,NA
21175,2015,21175,0,21175,NA,NA,NA
21175,2016,21175,0,21175,NA,NA,NA
21175,2017,21175,0,21175,NA,NA,NA
21175,2018,21175,0,21175,NA,NA,NA
21175,2019,21175,0,21175,NA,NA,NA
21175,2020,21175,0,21175,NA,NA,NA
21175,2021,21175,0,21175,NA,NA,NA
21175,2022,21175,0,21175,NA,NA,NA
21175,2023,21175,1,21175,NA,NA,NA
21175,2024,21175,1,21175,NA,NA,NA
21175,2025,21175,0,21175,NA,NA,NA
21176,2015,21176,0,21176,NA,NA,NA
21176,2016,21176,0,21176,NA,NA,NA
21176,2017,21176,0,21176,NA,NA,NA
21176,2018,21176,0,21176,NA,NA,NA
21176,2019,21176,0,21176,NA,NA,NA
21176,2020,21176,0,21176,NA,NA,NA
21176,2021,21176,0,21176,NA,NA,NA
21176,2022,21176,0,21176,NA,NA,NA
21176,2023,21176,0,21176,NA,NA,NA
21176,2024,21176,0,21176,NA,NA,NA
21176,2025,21176,0,21176,NA,NA,NA
21177,2015,21177,0,21177,NA,NA,NA
21177,2016,21177,0,21177,NA,NA,NA
21177,2017,21177,0,21177,NA,NA,NA
21177,2018,21177,0,21177,NA,NA,NA
21177,2019,21177,2,21177,NA,NA,NA
21177,2020,21177,0,21177,NA,NA,NA
21177,2021,21177,0,21177,NA,NA,NA
21177,2022,21177,0,21177,NA,NA,NA
21177,2023,21177,0,21177,NA,NA,NA
21177,2024,21177,0,21177,NA,NA,NA
21177,2025,21177,1,21177,NA,NA,NA
21178,2015,21178,0,21178,NA,NA,NA
21178,2016,21178,0,21178,NA,NA,NA
21178,2017,21178,0,21178,NA,NA,NA
21178,2018,21178,0,21178,NA,NA,NA
21178,2019,21178,0,21178,NA,NA,NA
21178,2020,21178,0,21178,NA,NA,NA
21178,2021,21178,0,21178,NA,NA,NA
21178,2022,21178,0,21178,NA,NA,NA
21178,2023,21178,0,21178,NA,NA,NA
21178,2024,21178,0,21178,NA,NA,NA
21178,2025,21178,0,21178,NA,NA,NA
21179,2015,21179,0,21179,NA,NA,NA
21179,2016,21179,0,21179,NA,NA,NA
21179,2017,21179,0,21179,NA,NA,NA
21179,2018,21179,0,21179,NA,NA,NA
21179,2019,21179,0,21179,NA,NA,NA
21179,2020,21179,0,21179,NA,NA,NA
21179,2021,21179,1,21179,NA,NA,NA
21179,2022,21179,0,21179,NA,NA,NA
21179,2023,21179,0,21179,NA,NA,NA
21179,2024,21179,0,21179,NA,NA,NA
21179,2025,21179,0,21179,NA,NA,NA
21180,2015,21180,0,21180,NA,NA,NA
21180,2016,21180,0,21180,NA,NA,NA
21180,2017,21180,0,21180,NA,NA,NA
21180,2018,21180,0,21180,NA,NA,NA
21180,2019,21180,0,21180,NA,NA,NA
21180,2020,21180,0,21180,NA,NA,NA
21180,2021,21180,0,21180,NA,NA,NA
21180,2022,21180,0,21180,NA,NA,NA
21180,2023,21180,0,21180,NA,NA,NA
21180,2024,21180,0,21180,NA,NA,NA
21180,2025,21180,0,21180,NA,NA,NA
21181,2015,21181,0,21181,NA,NA,NA
21181,2016,21181,0,21181,NA,NA,NA
21181,2017,21181,0,21181,NA,NA,NA
21181,2018,21181,0,21181,NA,NA,NA
21181,2019,21181,1,21181,NA,NA,NA
21181,2020,21181,0,21181,NA,NA,NA
21181,2021,21181,0,21181,NA,NA,NA
21181,2022,21181,0,21181,NA,NA,NA
21181,2023,21181,0,21181,NA,NA,NA
21181,2024,21181,0,21181,NA,NA,NA
21181,2025,21181,0,21181,NA,NA,NA
21182,2015,21182,0,21182,NA,NA,NA
21182,2016,21182,0,21182,NA,NA,NA
21182,2017,21182,0,21182,NA,NA,NA
21182,2018,21182,0,21182,NA,NA,NA
21182,2019,21182,0,21182,NA,NA,NA
21182,2020,21182,0,21182,NA,NA,NA
21182,2021,21182,0,21182,NA,NA,NA
21182,2022,21182,0,21182,NA,NA,NA
21182,2023,21182,0,21182,NA,NA,NA
21182,2024,21182,0,21182,NA,NA,NA
21182,2025,21182,0,21182,NA,NA,NA
21183,2015,21183,0,21183,NA,NA,NA
21183,2016,21183,0,21183,NA,NA,NA
21183,2017,21183,0,21183,NA,NA,NA
21183,2018,21183,0,21183,NA,NA,NA
21183,2019,21183,2,21183,NA,NA,NA
21183,2020,21183,0,21183,NA,NA,NA
21183,2021,21183,0,21183,NA,NA,NA
21183,2022,21183,0,21183,NA,NA,NA
21183,2023,21183,0,21183,NA,NA,NA
21183,2024,21183,0,21183,NA,NA,NA
21183,2025,21183,0,21183,NA,NA,NA
21184,2015,21184,0,21184,NA,NA,NA
21184,2016,21184,0,21184,NA,NA,NA
21184,2017,21184,0,21184,NA,NA,NA
21184,2018,21184,0,21184,NA,NA,NA
21184,2019,21184,0,21184,NA,NA,NA
21184,2020,21184,0,21184,NA,NA,NA
21184,2021,21184,0,21184,NA,NA,NA
21184,2022,21184,0,21184,NA,NA,NA
21184,2023,21184,0,21184,NA,NA,NA
21184,2024,21184,0,21184,NA,NA,NA
21184,2025,21184,0,21184,NA,NA,NA
21185,2015,21185,0,21185,NA,NA,NA
21185,2016,21185,0,21185,NA,NA,NA
21185,2017,21185,0,21185,NA,NA,NA
21185,2018,21185,0,21185,NA,NA,NA
21185,2019,21185,0,21185,NA,NA,NA
21185,2020,21185,0,21185,NA,NA,NA
21185,2021,21185,0,21185,NA,NA,NA
21185,2022,21185,0,21185,NA,NA,NA
21185,2023,21185,0,21185,NA,NA,NA
21185,2024,21185,0,21185,NA,NA,NA
21185,2025,21185,0,21185,NA,NA,NA
21186,2015,21186,0,21186,NA,NA,NA
21186,2016,21186,0,21186,NA,NA,NA
21186,2017,21186,0,21186,NA,NA,NA
21186,2018,21186,0,21186,NA,NA,NA
21186,2019,21186,0,21186,NA,NA,NA
21186,2020,21186,0,21186,NA,NA,NA
21186,2021,21186,0,21186,NA,NA,NA
21186,2022,21186,1,21186,NA,NA,NA
21186,2023,21186,0,21186,NA,NA,NA
21186,2024,21186,0,21186,NA,NA,NA
21186,2025,21186,1,21186,NA,NA,NA
21187,2015,21187,0,21187,NA,NA,NA
21187,2016,21187,0,21187,NA,NA,NA
21187,2017,21187,0,21187,NA,NA,NA
21187,2018,21187,0,21187,NA,NA,NA
21187,2019,21187,0,21187,NA,NA,NA
21187,2020,21187,0,21187,NA,NA,NA
21187,2021,21187,0,21187,NA,NA,NA
21187,2022,21187,0,21187,NA,NA,NA
21187,2023,21187,0,21187,NA,NA,NA
21187,2024,21187,1,21187,NA,NA,NA
21187,2025,21187,0,21187,NA,NA,NA
21188,2015,21188,0,21188,NA,NA,NA
21188,2016,21188,0,21188,NA,NA,NA
21188,2017,21188,0,21188,NA,NA,NA
21188,2018,21188,0,21188,NA,NA,NA
21188,2019,21188,0,21188,NA,NA,NA
21188,2020,21188,0,21188,NA,NA,NA
21188,2021,21188,0,21188,NA,NA,NA
21188,2022,21188,0,21188,NA,NA,NA
21188,2023,21188,0,21188,NA,NA,NA
21188,2024,21188,0,21188,NA,NA,NA
21188,2025,21188,0,21188,NA,NA,NA
21189,2015,21189,0,21189,NA,NA,NA
21189,2016,21189,0,21189,NA,NA,NA
21189,2017,21189,0,21189,NA,NA,NA
21189,2018,21189,0,21189,NA,NA,NA
21189,2019,21189,0,21189,NA,NA,NA
21189,2020,21189,0,21189,NA,NA,NA
21189,2021,21189,0,21189,NA,NA,NA
21189,2022,21189,0,21189,NA,NA,NA
21189,2023,21189,0,21189,NA,NA,NA
21189,2024,21189,0,21189,NA,NA,NA
21189,2025,21189,0,21189,NA,NA,NA
21190,2015,21190,0,21190,NA,NA,NA
21190,2016,21190,0,21190,NA,NA,NA
21190,2017,21190,0,21190,NA,NA,NA
21190,2018,21190,0,21190,NA,NA,NA
21190,2019,21190,0,21190,NA,NA,NA
21190,2020,21190,0,21190,NA,NA,NA
21190,2021,21190,0,21190,NA,NA,NA
21190,2022,21190,0,21190,NA,NA,NA
21190,2023,21190,1,21190,NA,NA,NA
21190,2024,21190,0,21190,NA,NA,NA
21190,2025,21190,0,21190,NA,NA,NA
21191,2015,21191,0,21191,NA,NA,NA
21191,2016,21191,0,21191,NA,NA,NA
21191,2017,21191,0,21191,NA,NA,NA
21191,2018,21191,0,21191,NA,NA,NA
21191,2019,21191,0,21191,NA,NA,NA
21191,2020,21191,1,21191,NA,NA,NA
21191,2021,21191,0,21191,NA,NA,NA
21191,2022,21191,0,21191,NA,NA,NA
21191,2023,21191,0,21191,NA,NA,NA
21191,2024,21191,0,21191,NA,NA,NA
21191,2025,21191,0,21191,NA,NA,NA
21192,2015,21192,0,21192,NA,NA,NA
21192,2016,21192,0,21192,NA,NA,NA
21192,2017,21192,0,21192,NA,NA,NA
21192,2018,21192,0,21192,NA,NA,NA
21192,2019,21192,0,21192,NA,NA,NA
21192,2020,21192,0,21192,NA,NA,NA
21192,2021,21192,0,21192,NA,NA,NA
21192,2022,21192,0,21192,NA,NA,NA
21192,2023,21192,0,21192,NA,NA,NA
21192,2024,21192,0,21192,NA,NA,NA
21192,2025,21192,1,21192,NA,NA,NA
21193,2015,21193,0,21193,NA,NA,NA
21193,2016,21193,0,21193,NA,NA,NA
21193,2017,21193,0,21193,NA,NA,NA
21193,2018,21193,0,21193,NA,NA,NA
21193,2019,21193,0,21193,NA,NA,NA
21193,2020,21193,0,21193,NA,NA,NA
21193,2021,21193,0,21193,NA,NA,NA
21193,2022,21193,0,21193,NA,NA,NA
21193,2023,21193,0,21193,NA,NA,NA
21193,2024,21193,0,21193,NA,NA,NA
21193,2025,21193,0,21193,NA,NA,NA
21194,2015,21194,0,21194,NA,NA,NA
21194,2016,21194,0,21194,NA,NA,NA
21194,2017,21194,0,21194,NA,NA,NA
21194,2018,21194,0,21194,NA,NA,NA
21194,2019,21194,0,21194,NA,NA,NA
21194,2020,21194,0,21194,NA,NA,NA
21194,2021,21194,0,21194,NA,NA,NA
21194,2022,21194,1,21194,NA,NA,NA
21194,2023,21194,0,21194,NA,NA,NA
21194,2024,21194,1,21194,NA,NA,NA
21194,2025,21194,1,21194,NA,NA,NA
21195,2015,21195,0,21195,NA,NA,NA
21195,2016,21195,0,21195,NA,NA,NA
21195,2017,21195,1,21195,NA,NA,NA
21195,2018,21195,0,21195,NA,NA,NA
21195,2019,21195,0,21195,NA,NA,NA
21195,2020,21195,0,21195,NA,NA,NA
21195,2021,21195,0,21195,NA,NA,NA
21195,2022,21195,0,21195,NA,NA,NA
21195,2023,21195,0,21195,NA,NA,NA
21195,2024,21195,0,21195,NA,NA,NA
21195,2025,21195,0,21195,NA,NA,NA
21196,2015,21196,0,21196,NA,NA,NA
21196,2016,21196,0,21196,NA,NA,NA
21196,2017,21196,0,21196,NA,NA,NA
21196,2018,21196,1,21196,NA,NA,NA
21196,2019,21196,0,21196,NA,NA,NA
21196,2020,21196,0,21196,NA,NA,NA
21196,2021,21196,0,21196,NA,NA,NA
21196,2022,21196,0,21196,NA,NA,NA
21196,2023,21196,0,21196,NA,NA,NA
21196,2024,21196,0,21196,NA,NA,NA
21196,2025,21196,0,21196,NA,NA,NA
21197,2015,21197,0,21197,NA,NA,NA
21197,2016,21197,0,21197,NA,NA,NA
21197,2017,21197,1,21197,NA,NA,NA
21197,2018,21197,1,21197,NA,NA,NA
21197,2019,21197,0,21197,NA,NA,NA
21197,2020,21197,1,21197,NA,NA,NA
21197,2021,21197,1,21197,NA,NA,NA
21197,2022,21197,1,21197,NA,NA,NA
21197,2023,21197,0,21197,NA,NA,NA
21197,2024,21197,2,21197,NA,NA,NA
21197,2025,21197,2,21197,NA,NA,NA
21198,2015,21198,0,21198,NA,NA,NA
21198,2016,21198,0,21198,NA,NA,NA
21198,2017,21198,0,21198,NA,NA,NA
21198,2018,21198,0,21198,NA,NA,NA
21198,2019,21198,0,21198,NA,NA,NA
21198,2020,21198,0,21198,NA,NA,NA
21198,2021,21198,0,21198,NA,NA,NA
21198,2022,21198,0,21198,NA,NA,NA
21198,2023,21198,0,21198,NA,NA,NA
21198,2024,21198,0,21198,NA,NA,NA
21198,2025,21198,0,21198,NA,NA,NA
21199,2015,21199,0,21199,NA,NA,NA
21199,2016,21199,0,21199,NA,NA,NA
21199,2017,21199,0,21199,NA,NA,NA
21199,2018,21199,0,21199,NA,NA,NA
21199,2019,21199,1,21199,NA,NA,NA
21199,2020,21199,0,21199,NA,NA,NA
21199,2021,21199,0,21199,NA,NA,NA
21199,2022,21199,0,21199,NA,NA,NA
21199,2023,21199,0,21199,NA,NA,NA
21199,2024,21199,0,21199,NA,NA,NA
21199,2025,21199,0,21199,NA,NA,NA
21200,2015,21200,0,21200,NA,NA,NA
21200,2016,21200,0,21200,NA,NA,NA
21200,2017,21200,0,21200,NA,NA,NA
21200,2018,21200,0,21200,NA,NA,NA
21200,2019,21200,0,21200,NA,NA,NA
21200,2020,21200,0,21200,NA,NA,NA
21200,2021,21200,0,21200,NA,NA,NA
21200,2022,21200,0,21200,NA,NA,NA
21200,2023,21200,0,21200,NA,NA,NA
21200,2024,21200,0,21200,NA,NA,NA
21200,2025,21200,0,21200,NA,NA,NA
21201,2015,21201,0,21201,NA,NA,NA
21201,2016,21201,0,21201,NA,NA,NA
21201,2017,21201,0,21201,NA,NA,NA
21201,2018,21201,0,21201,NA,NA,NA
21201,2019,21201,0,21201,NA,NA,NA
21201,2020,21201,0,21201,NA,NA,NA
21201,2021,21201,0,21201,NA,NA,NA
21201,2022,21201,0,21201,NA,NA,NA
21201,2023,21201,0,21201,NA,NA,NA
21201,2024,21201,0,21201,NA,NA,NA
21201,2025,21201,0,21201,NA,NA,NA
21202,2015,21202,0,21202,NA,NA,NA
21202,2016,21202,0,21202,NA,NA,NA
21202,2017,21202,0,21202,NA,NA,NA
21202,2018,21202,0,21202,NA,NA,NA
21202,2019,21202,0,21202,NA,NA,NA
21202,2020,21202,0,21202,NA,NA,NA
21202,2021,21202,0,21202,NA,NA,NA
21202,2022,21202,0,21202,NA,NA,NA
21202,2023,21202,0,21202,NA,NA,NA
21202,2024,21202,0,21202,NA,NA,NA
21202,2025,21202,0,21202,NA,NA,NA
21203,2015,21203,0,21203,NA,NA,NA
21203,2016,21203,0,21203,NA,NA,NA
21203,2017,21203,0,21203,NA,NA,NA
21203,2018,21203,0,21203,NA,NA,NA
21203,2019,21203,0,21203,NA,NA,NA
21203,2020,21203,0,21203,NA,NA,NA
21203,2021,21203,0,21203,NA,NA,NA
21203,2022,21203,0,21203,NA,NA,NA
21203,2023,21203,0,21203,NA,NA,NA
21203,2024,21203,0,21203,NA,NA,NA
21203,2025,21203,0,21203,NA,NA,NA
21204,2015,21204,0,21204,NA,NA,NA
21204,2016,21204,0,21204,NA,NA,NA
21204,2017,21204,0,21204,NA,NA,NA
21204,2018,21204,0,21204,NA,NA,NA
21204,2019,21204,0,21204,NA,NA,NA
21204,2020,21204,0,21204,NA,NA,NA
21204,2021,21204,0,21204,NA,NA,NA
21204,2022,21204,0,21204,NA,NA,NA
21204,2023,21204,0,21204,NA,NA,NA
21204,2024,21204,0,21204,NA,NA,NA
21204,2025,21204,0,21204,NA,NA,NA
21205,2015,21205,0,21205,NA,NA,NA
21205,2016,21205,0,21205,NA,NA,NA
21205,2017,21205,0,21205,NA,NA,NA
21205,2018,21205,1,21205,NA,NA,NA
21205,2019,21205,0,21205,NA,NA,NA
21205,2020,21205,0,21205,NA,NA,NA
21205,2021,21205,0,21205,NA,NA,NA
21205,2022,21205,0,21205,NA,NA,NA
21205,2023,21205,0,21205,NA,NA,NA
21205,2024,21205,0,21205,NA,NA,NA
21205,2025,21205,0,21205,NA,NA,NA
21206,2015,21206,0,21206,NA,NA,NA
21206,2016,21206,0,21206,NA,NA,NA
21206,2017,21206,0,21206,NA,NA,NA
21206,2018,21206,0,21206,NA,NA,NA
21206,2019,21206,0,21206,NA,NA,NA
21206,2020,21206,0,21206,NA,NA,NA
21206,2021,21206,0,21206,NA,NA,NA
21206,2022,21206,0,21206,NA,NA,NA
21206,2023,21206,0,21206,NA,NA,NA
21206,2024,21206,0,21206,NA,NA,NA
21206,2025,21206,0,21206,NA,NA,NA
21207,2015,21207,0,21207,NA,NA,NA
21207,2016,21207,0,21207,NA,NA,NA
21207,2017,21207,1,21207,NA,NA,NA
21207,2018,21207,0,21207,NA,NA,NA
21207,2019,21207,1,21207,NA,NA,NA
21207,2020,21207,1,21207,NA,NA,NA
21207,2021,21207,0,21207,NA,NA,NA
21207,2022,21207,0,21207,NA,NA,NA
21207,2023,21207,0,21207,NA,NA,NA
21207,2024,21207,1,21207,NA,NA,NA
21207,2025,21207,0,21207,NA,NA,NA
21208,2015,21208,0,21208,NA,NA,NA
21208,2016,21208,0,21208,NA,NA,NA
21208,2017,21208,0,21208,NA,NA,NA
21208,2018,21208,0,21208,NA,NA,NA
21208,2019,21208,2,21208,NA,NA,NA
21208,2020,21208,5,21208,NA,NA,NA
21208,2021,21208,2,21208,NA,NA,NA
21208,2022,21208,0,21208,NA,NA,NA
21208,2023,21208,1,21208,NA,NA,NA
21208,2024,21208,0,21208,NA,NA,NA
21208,2025,21208,0,21208,NA,NA,NA
21209,2015,21209,0,21209,NA,NA,NA
21209,2016,21209,0,21209,NA,NA,NA
21209,2017,21209,0,21209,NA,NA,NA
21209,2018,21209,0,21209,NA,NA,NA
21209,2019,21209,0,21209,NA,NA,NA
21209,2020,21209,0,21209,NA,NA,NA
21209,2021,21209,0,21209,NA,NA,NA
21209,2022,21209,0,21209,NA,NA,NA
21209,2023,21209,0,21209,NA,NA,NA
21209,2024,21209,0,21209,NA,NA,NA
21209,2025,21209,0,21209,NA,NA,NA
21210,2015,21210,0,21210,NA,NA,NA
21210,2016,21210,0,21210,NA,NA,NA
21210,2017,21210,0,21210,NA,NA,NA
21210,2018,21210,0,21210,NA,NA,NA
21210,2019,21210,0,21210,NA,NA,NA
21210,2020,21210,0,21210,NA,NA,NA
21210,2021,21210,0,21210,NA,NA,NA
21210,2022,21210,0,21210,NA,NA,NA
21210,2023,21210,0,21210,NA,NA,NA
21210,2024,21210,0,21210,NA,NA,NA
21210,2025,21210,0,21210,NA,NA,NA
21211,2015,21211,0,21211,NA,NA,NA
21211,2016,21211,0,21211,NA,NA,NA
21211,2017,21211,0,21211,NA,NA,NA
21211,2018,21211,0,21211,NA,NA,NA
21211,2019,21211,0,21211,NA,NA,NA
21211,2020,21211,0,21211,NA,NA,NA
21211,2021,21211,0,21211,NA,NA,NA
21211,2022,21211,0,21211,NA,NA,NA
21211,2023,21211,0,21211,NA,NA,NA
21211,2024,21211,0,21211,NA,NA,NA
21211,2025,21211,0,21211,NA,NA,NA
21212,2015,21212,0,21212,NA,NA,NA
21212,2016,21212,0,21212,NA,NA,NA
21212,2017,21212,0,21212,NA,NA,NA
21212,2018,21212,0,21212,NA,NA,NA
21212,2019,21212,0,21212,NA,NA,NA
21212,2020,21212,0,21212,NA,NA,NA
21212,2021,21212,0,21212,NA,NA,NA
21212,2022,21212,0,21212,NA,NA,NA
21212,2023,21212,0,21212,NA,NA,NA
21212,2024,21212,0,21212,NA,NA,NA
21212,2025,21212,0,21212,NA,NA,NA
21213,2015,21213,0,21213,NA,NA,NA
21213,2016,21213,0,21213,NA,NA,NA
21213,2017,21213,0,21213,NA,NA,NA
21213,2018,21213,0,21213,NA,NA,NA
21213,2019,21213,2,21213,NA,NA,NA
21213,2020,21213,1,21213,NA,NA,NA
21213,2021,21213,1,21213,NA,NA,NA
21213,2022,21213,0,21213,NA,NA,NA
21213,2023,21213,0,21213,NA,NA,NA
21213,2024,21213,0,21213,NA,NA,NA
21213,2025,21213,0,21213,NA,NA,NA
21214,2015,21214,0,21214,NA,NA,NA
21214,2016,21214,0,21214,NA,NA,NA
21214,2017,21214,0,21214,NA,NA,NA
21214,2018,21214,0,21214,NA,NA,NA
21214,2019,21214,0,21214,NA,NA,NA
21214,2020,21214,0,21214,NA,NA,NA
21214,2021,21214,0,21214,NA,NA,NA
21214,2022,21214,0,21214,NA,NA,NA
21214,2023,21214,0,21214,NA,NA,NA
21214,2024,21214,0,21214,NA,NA,NA
21214,2025,21214,0,21214,NA,NA,NA
21215,2015,21215,0,21215,NA,NA,NA
21215,2016,21215,0,21215,NA,NA,NA
21215,2017,21215,0,21215,NA,NA,NA
21215,2018,21215,0,21215,NA,NA,NA
21215,2019,21215,0,21215,NA,NA,NA
21215,2020,21215,0,21215,NA,NA,NA
21215,2021,21215,0,21215,NA,NA,NA
21215,2022,21215,0,21215,NA,NA,NA
21215,2023,21215,0,21215,NA,NA,NA
21215,2024,21215,0,21215,NA,NA,NA
21215,2025,21215,0,21215,NA,NA,NA
21216,2015,21216,0,21216,NA,NA,NA
21216,2016,21216,0,21216,NA,NA,NA
21216,2017,21216,0,21216,NA,NA,NA
21216,2018,21216,0,21216,NA,NA,NA
21216,2019,21216,0,21216,NA,NA,NA
21216,2020,21216,0,21216,NA,NA,NA
21216,2021,21216,0,21216,NA,NA,NA
21216,2022,21216,0,21216,NA,NA,NA
21216,2023,21216,0,21216,NA,NA,NA
21216,2024,21216,0,21216,NA,NA,NA
21216,2025,21216,0,21216,NA,NA,NA
21217,2015,21217,0,21217,NA,NA,NA
21217,2016,21217,0,21217,NA,NA,NA
21217,2017,21217,0,21217,NA,NA,NA
21217,2018,21217,0,21217,NA,NA,NA
21217,2019,21217,1,21217,NA,NA,NA
21217,2020,21217,1,21217,NA,NA,NA
21217,2021,21217,0,21217,NA,NA,NA
21217,2022,21217,1,21217,NA,NA,NA
21217,2023,21217,0,21217,NA,NA,NA
21217,2024,21217,0,21217,NA,NA,NA
21217,2025,21217,0,21217,NA,NA,NA
